Workbook
Name A: '4'!$XEO$2:$XEP$2

Sheet 1
A1: 【 醫療機構、藥局 】(第 四 級管制藥品)
A2: 藥代：ALPR | B2: 管 制 藥 品 收 支 結 存 簿 冊 | J2: 名稱 | K2: 字號 | L2: 上期結存 | M2: 收入 | N2: 支出 | O2: 結存
A3: 藥品名稱 | B3: Gendergin 0.5mg | E3: 管制藥品成分及含量 | H3: Alprazolam 0.5mg | J3: =B3 -> Gendergin 0.5mg | K3: 042514 | L3: 0 | M3: =SUM(C:C) -> 0 | N3: =SUM(F:F) -> 0 | O3: =L3+M3-N3 -> 0
A4: 管制級別 | B4: 四 | E4: 製造廠名稱 | H4: 健亞生物科技(股)公司
A5: 藥品許可證字號 | C5: 衛署藥製字第042514號 | H5: 最小單位 | I5: 粒
A6: 日 期 | B6: 收支原因 | C6: 收入數量 | D6: 收入藥品批號 | F6: 支出數量 | H6: 結存數量 | I6: 備 註
A7: 115/01/01 | B7: 上期結存 | C7: 0 | H7: 0

Sheet 總表
A1: 編號 | B1: 藥代 | C1: 名稱 | D1: 中文名稱 | E1: 字號 | F1: 字號2 | G1: 字號3 | H1: 上期結存 | I1: 收入 | J1: 支出 | K1: 欄5 | L1: 結存 | M1: 效期 (會變色) | N1: 無轉讓* | P1: 江鎰 (QDA10600000101) | Q1: 蔓達特(QDA100000003)
A2: 41 | B2: ALE1 | C2: ='41'!$B$3 -> Alepan 15mg | D2: 安立平 15mg | E2: ='41'!C5 -> 衛署藥製字第046145號 | F2: 衛署藥製字第 | G2: 46145 | H2: ='41'!L3 -> 0 | I2: ='41'!M3 -> 20 | J2: ='41'!N3 -> 14 | K2: 56 | L2: ='41'!O3 -> 6
A3: 70 | B3: ALE2 | C3: ='70'!$B$3 -> Alepam 15mg | D3: 安慮平 15mg | E3: 衛署藥輸字第018425號 | F3: 衛署藥輸字第 | G3: 18425 | H3: ='70'!L3 -> 0 | I3: ='70'!M3 -> 0 | J3: ='70'!N3 -> 0 | L3: ='70'!O3 -> 0 | N3: *
A4: 31 | B4: ALP2 | C4: ='31'!$B$3 -> Alpraline 0.5mg | D4: 安柏寧 0.5mg | E4: ='31'!C5 -> 衛署藥製字第044685號 | F4: 衛署藥製字第 | G4: 44685 | H4: ='31'!L3 -> 443 | I4: ='31'!M3 -> 1000 | J4: ='31'!N3 -> 903.5 | K4: 104 | L4: ='31'!O3 -> 539.5
A5: 1 | B5: 不使用 | C5: ='1'!B3 -> Gendergin 0.5mg | D5: 健得靜 0.5mg | E5: ='1'!C5 -> 衛署藥製字第042514號 | F5: 衛署藥製字第 | G5: 42514 | H5: ='1'!L3 -> 0 | I5: ='1'!M3 -> 0 | J5: ='1'!N3 -> 0 | L5: ='1'!O3 -> 0 | N5: *
A6: 54 | B6: ALPR3 | C6: ='54'!$B$3 -> Vanipen 0.5mg | D6: 煩力平 0.5mg | E6: ='54'!C5 -> 衛署藥製字第044546號 | F6: 衛署藥製字第 | G6: 44546 | H6: ='54'!L3 -> 0 | I6: ='54'!M3 -> 0 | J6: ='54'!N3 -> 0 | L6: ='54'!O3 -> 0 | N6: *
A7: 29 | B7: ALPR4/ALP1 | C7: ='29'!$B$3 -> Alprazolam 0.5mg | D7: 安邦錠 0.5mg | E7: ='29'!C5 -> 衛署藥製字第057740號 | F7: 衛署藥製字第 | G7: 57740 | H7: ='29'!L3 -> 1383.5 | I7: ='29'!M3 -> 6000 | J7: ='29'!N3 -> 5451 | K7: 340.5 | L7: ='29'!O3 -> 1932.5
A8: 78 | B8: ALPR6 | C8: ='78'!$B$3 -> Aprazo 0.5mg | D8: 歐普樂錠 0.5mg | E8: 衛署藥製字第045070號 | F8: 衛署藥製字第 | G8: 45070 | H8: ='78'!L3 -> 94 | I8: ='78'!M3 -> 1580 | J8: ='78'!N3 -> 1242 | L8: ='78'!O3 -> 432 | M8: 47392
A9: 95 | B9: ALPR/ALPR寶 | C9: ='95'!$B$3 -> Alpragin 2mg | D9: 安寶寧 2mg | E9: 衛署藥製字第047961號 | F9: 衛署藥製字第 | G9: 47961 | H9: ='95'!L3 -> 57 | I9: ='95'!M3 -> 0 | J9: ='95'!N3 -> 57 | K9: 30 | L9: ='95'!O3 -> 0 | M9: 46722
A10: 58 | B10: ANX1 | C10: ='58'!$B$3 -> Anxiedin 0.5mg | D10: 安靜錠 0.5mg | E10: ='58'!C5 -> 衛署藥製字第024463號 | F10: 衛署藥製字第 | G10: 24463 | H10: ='58'!L3 -> 64 | I10: ='58'!M3 -> 100 | J10: ='58'!N3 -> 0 | L10: ='58'!O3 -> 164
A11: 94 | B11: ANX8 | C11: ='94'!$B$3 -> Anxicam 2mg | D11: 安心平 2mg | E11: 衛部藥製字第058561號 | F11: 衛部藥製字第 | G11: 58561 | H11: ='94'!K3 -> 22 | I11: ='94'!L3 -> 122 | J11: ='94'!M3 -> 90 | K11: 30 | L11: ='94'!N3 -> 32
A12: 50 | B12: ANX9 | C12: ='50'!$B$3 -> ANXIEDIN 1MG | D12: 安靜錠 1mg | E12: ='50'!C5 -> 衛署藥輸字第024885號 | F12: 衛署藥輸字第 | G12: 24885 | H12: ='50'!L3 -> 28 | I12: 0 | J12: ='50'!N3 -> 1061 | L12: ='50'!O3 -> 107
A13: 22 | B13: APO0 | C13: ='22'!$B$3 -> Apo-Tramadol 37.5mg/ 325mg | D13: 安保舒痛 37.5mg/325mg | E13: ='22'!C5 -> 衛署藥輸字第025452號 | F13: 衛署藥輸字第 | G13: 25452 | H13: ='22'!L3 -> 140 | I13: ='22'!M3 -> 800 | J13: ='22'!N3 -> 956 | K13: 56 | L13: ='22'!O3 -> -16
A14: 27 | B14: APO1 | C14: ='27'!$B$3 -> Apo-Methyphenidate 10mg | D14: 安保美喜 10mg | E14: ='27'!C5 -> 衛署藥輸字第025016號 | F14: 衛署藥輸字第 | G14: 25016 | H14: ='27'!L3 -> 0 | I14: ='27'!M3 -> 0 | J14: ='27'!N3 -> 0 | L14: ='27'!O3 -> 0 | N14: *
A15: 2 | B15: ATIV | C15: ='2'!$B$3 -> Ativan 0.5mg | D15: 安定文 0.5mg | E15: ='2'!C5 -> 衛署藥輸字第018741號 | F15: 衛署藥輸字第 | G15: 18741 | H15: ='2'!L3 -> 608 | I15: ='2'!M3 -> 1000 | J15: ='2'!N3 -> 1102 | K15: 91 | L15: ='2'!O3 -> 506
A16: 93 | B16: BRO6/BROMA3 | C16: ='93'!$B$3 -> Bromazin 3mg | D16: 牟靜錠 3mg | E16: 衛署藥製字第026080號 | F16: 衛署藥製字第 | G16: 26080 | H16: ='93'!L3 -> 2 | I16: ='93'!M3 -> 0 | J16: ='93'!N3 -> 0 | L16: ='93'!O3 -> 2 | M16: 46600
A17: 72 | B17: BRO7/BROAN | C17: ='72'!$B$3 -> Bropan 3mg | D17: 優寧錠 3mg | E17: 衛署藥製字第029503號 | F17: 衛署藥製字第 | G17: 29503 | H17: ='72'!L3 -> 60 | I17: ='72'!M3 -> 60 | J17: ='72'!N3 -> 56 | L17: ='72'!O3 -> 64 | N17: *
A18: 56 | B18: CAL4 | C18: ='56'!$B$3 -> Calmday 5mg | D18: 康眠定 5mg | E18: ='56'!C5 -> 衛署藥輸字第016477號 | F18: 衛署藥輸字第 | G18: 16477 | H18: ='56'!L3 -> 0 | I18: ='56'!M3 -> 0 | J18: ='56'!N3 -> 0 | L18: ='56'!O3 -> 0 | N18: *
A19: 75 | B19: CAM1 | C19: ='75'!$B$3 -> Camadol 50mg | D19: 卡莫德膠囊 50mg | E19: 衛署藥製字第043597號 | F19: 衛署藥製字第 | G19: 43597 | H19: ='75'!L3 -> 0 | I19: ='75'!M3 -> 0 | J19: ='75'!N3 -> 0 | L19: ='75'!O3 -> 0 | N19: *
A20: 7 | B20: CLO1/RIVT/ | C20: ='7'!$B$3 -> Clonazepam 0.5mg | D20: 克癇平 0.5mg | E20: ='7'!C5 -> 衛署藥製字第045342號 | F20: 衛署藥製字第 | G20: 45342 | H20: ='75'!L4 -> 0 | I20: ='7'!M3 -> 300 | J20: ='7'!N3 -> 501 | K20: 14 | L20: ='7'!O3 -> 144.5 | M20: 46266
A21: 80 | B21: CLO4/CLO6 | C21: ='80'!$B$3 -> Clonopam 2mg | D21: 克癇平 2mg | E21: 衛署藥製字第045345號 | F21: 衛署藥製字第 | G21: 45345 | H21: ='80'!L3 -> 78 | I21: ='80'!M3 -> 140 | J21: ='80'!N3 -> 119 | L21: ='80'!O3 -> 99 | M21: 46327
A22: 26 | B22: CON2 | C22: ='26'!$B$3 -> Concerta E.R 18mg | D22: 專思達長效 18mg | E22: ='26'!C5 -> 衛署藥輸字第023731號 | F22: 衛署藥輸字第 | G22: 23731 | H22: ='26'!L3 -> 26 | I22: ='26'!M3 -> 120 | J22: ='26'!N3 -> 120 | K22: 28 | L22: ='26'!O3 -> 26 | M22: 46174
A23: 28 | B23: CON3 | C23: ='28'!$B$3 -> Concerta E.R 36mg | D23: 專思達長效 36mg | E23: ='28'!C5 -> 衛署藥輸字第023880號 | F23: 衛署藥輸字第 | G23: 23880 | H23: ='28'!L3 -> 0 | I23: ='28'!M3 -> 120 | J23: ='28'!N3 -> 120 | K23: 28 | L23: ='28'!O3 -> 0 | N23: *
A24: 61 | B24: CON6 | C24: ='61'!$B$3 -> Concerta E.R 27mg | D24: 專思達長效錠 27mg | E24: ='61'!C5 -> 衛署藥輸字第023999號 | F24: 衛署藥輸字第 | G24: 23999 | H24: ='61'!L3 -> 0 | I24: ='61'!M3 -> 0 | J24: ='61'!N3 -> 0 | L24: ='61'!O3 -> 0 | N24: *
A25: 30 | B25: DAC2 | C25: ='30'!$B$3 -> Dactive 10 mg | D25: 安得眠 10mg | E25: ='30'!C5 -> 衛署藥輸字第024958號 | F25: 衛署藥輸字第 | G25: 24958 | H25: ='30'!L3 -> 0 | I25: ='30'!M3 -> 0 | J25: ='30'!N3 -> 0 | L25: ='30'!O3 -> 0 | N25: *
A26: 45 | B26: DAL | C26: ='45'!$B$3 -> Dalmadorm 30mg | D26: 當眠多 30mg | E26: ='45'!C5 -> 衛署藥製字第036677號 | F26: 衛署藥製字第 | G26: 36677 | H26: ='45'!L3 -> 0 | I26: ='45'!M3 -> 0 | J26: ='45'!N3 -> 0 | K26: 56 | L26: ='45'!O3 -> 0 | N26: *
A27: 66 | B27: DAL1 | C27: ='66'!$B$3 -> Dalmadorm 15mg | D27: 當眠多 15mg | E27: 衛署藥製字第036679號 | F27: 衛署藥製字第 | G27: 36679 | I27: ='66'!M3 -> 0 | J27: ='66'!N3 -> 0 | N27: *
A28: 106 | B28: DGEP3 | D28: "井田"醫嗽寧錠 | E28: 衛署藥製字第019360號 | F28: 衛署藥製字第 | G28: 19360 | H28: ='106'!L3 -> 687 | I28: ='106'!M3 -> 0 | J28: ='106'!N3 -> 385.5 | K28: ='106'!O3 -> 301.5 | L28: ='106'!O3 -> 301.5
A29: 51 | B29: DIA8 | C29: ='51'!$B$3 -> Diapine 2mg | D29: 大安源 2mg | E29: ='51'!C5 -> 內衛藥製字第004875號 | F29: 內衛藥製字第 | G29: 4875 | H29: ='51'!L3 -> 0 | I29: ='51'!M3 -> 0 | J29: ='51'!N3 -> 0 | L29: ='51'!O3 -> 0 | N29: *
A30: 13 | B30: DIAL/DIA1 | C30: ='13'!$B$3 -> Diapin 2mg | D30: 當立平 2mg | E30: ='13'!C5 -> 衛署藥製字第000059號 | F30: 衛署藥製字第 | G30: 59 | H30: ='13'!L3 -> 76 | I30: ='13'!M3 -> 0 | J30: ='13'!N3 -> 28 | L30: ='13'!O3 -> 48 | M30: 46082
A31: 71 | B31: DIP7 | C31: ='71'!$B$3 -> Dipoxido 10mg | D31: 大益神膠囊 10mg | E31: ='71'!C5 -> 內衛藥製字第005038號 | F31: 內衛藥製字第 | G31: 5038 | H31: ='71'!L3 -> 0 | I31: ='71'!M3 -> 0 | J31: ='71'!N3 -> 0 | L31: ='71'!O3 -> 0 | N31: *
A32: 68 | B32: DORM | C32: ='68'!$B$3 -> Dormicum 7.5mg | D32: 導美睡 7.5mg | E32: 衛署藥輸字第017577號 | F32: 衛署藥輸字第 | G32: 17577 | H32: ='68'!L3 -> 41 | I32: ='68'!M3 -> 800 | J32: ='68'!N3 -> 280 | L32: ='68'!O3 -> 561 | M32: 46631
A33: 60 | B33: DUP0 | C33: ='60'!$B$3 -> Dupin 5mg | D33: 樂平片 0.5mg | E33: ='60'!C5 -> 內衛藥製字第010468號 | F33: 內衛藥製字第 | G33: 10468 | H33: ='60'!L3 -> 0 | I33: ='60'!M3 -> 0 | J33: ='60'!N3 -> 0 | L33: ='60'!O3 -> 0
A34: 38 | B34: ELI | C34: ='38'!$B$3 -> Elinin 20mg | D34: 宜利寧 20mg | E34: ='38'!C5 -> 衛署藥製字第031515號 | F34: 衛署藥製字第 | G34: 31515 | H34: ='38'!L3 -> 0 | I34: ='38'!M3 -> 0 | J34: ='38'!N3 -> 0 | L34: ='38'!O3 -> 0 | N34: *
A35: 102 | B35: EPI21 | C35: WEISUFU | D35: 胃舒服錠 | E35: ='102'!C5 -> 衛署藥製字第033157號 | F35: 衛署藥製字第 | G35: 33157 | H35: ='102'!L3 -> 3052 | I35: ='102'!M3 -> 3000 | J35: ='102'!N3 -> 1134 | K35: 1476 | L35: ='102'!O3 -> 4918
A36: 3 | B36: ERA/ ERA2(不使用) | C36: ='3'!$B$3 -> ERA 0.25mg | D36: 易舒 0.25mg | E36: ='3'!C5 -> 衛署藥製字第037577號 | F36: 衛署藥製字第 | G36: 37577 | H36: 8 | I36: ='3'!M3 -> 0 | J36: ='3'!N3 -> 0 | K36: 300 | L36: 0
A37: 59 | B37: ERA-4 /ERI | C37: ='59'!$B$3 -> Erispan-S 0.25mg | D37: 癒利舒盼 0.25mg | E37: ='59'!C5 -> 衛署藥製字第046729號 | F37: 衛署藥製字第 | G37: 46729 | H37: ='59'!L3 -> 860.5 | I37: ='59'!M3 -> 6000 | J37: ='59'!N3 -> 5210 | K37: 86 | L37: ='59'!O3 -> 1650.5
A38: 99 | B38: ESO1 | C38: ='99'!$B$3 -> Esomin 2mg | D38: 益思眠 2mg | E38: ='99'!C5 -> 衛署藥製字第043499號 | F38: 衛署藥製字第 | G38: 43499 | H38: ='99'!L3 -> 4 | I38: ='99'!M3 -> 0 | J38: ='99'!N3 -> 0 | L38: ='99'!O3 -> 4 | M38: 46113
A39: 4 | B39: ESTA/ELA | C39: ='4'!$B$3 -> ELAM 2mg | D39: 易眠錠 2mg | E39: ='4'!C5 -> 衛署藥製字第043860號 | F39: 衛署藥製字第 | G39: 43860 | H39: ='4'!L3 -> 1038.5 | I39: ='4'!M3 -> 0 | J39: ='4'!N3 -> 600 | K39: 102 | L39: ='4'!O3 -> 438.5
A40: 14 | B40: ESZO/ESZ2/ESZ | C40: ='14'!$B$3 -> Eszo 2mg | D40: 艾斯樂 2mg | E40: ='14'!C5 -> 衛署藥製字第042646號 | F40: 衛署藥製字第 | G40: 42646 | H40: ='14'!L3 -> 482.5 | I40: ='14'!M3 -> 1000 | J40: ='14'!N3 -> 1164 | K40: 58 | L40: ='14'!O3 -> 318.5
A41: 32 | B41: EUR0 | C41: ='32'!$B$3 -> Eurodin 2mg | D41: 悠樂丁 2mg | E41: ='32'!C5 -> 衛署藥製字第012458號 | F41: 衛署藥製字第 | G41: 12458 | H41: ='32'!L3 -> 553 | I41: ='32'!M3 -> 2900 | J41: ='32'!N3 -> 2080 | K41: 168 | L41: ='32'!O3 -> 1373
A42: 91 | B42: FAL | C42: ='91'!$B$3 -> Fallep 2mg | D42: 服爾眠 2mg | E42: 衛署藥製字第048472號 | F42: 衛署藥製字第 | G42: 48472 | H42: ='91'!L3 -> 6 | I42: ='91'!M3 -> 0 | J42: ='91'!N3 -> 0 | L42: ='91'!O3 -> 6 | M42: 46082
A43: 15 | B43: FLU2/FLUH | C43: ='15'!$B$3 -> Flupine 0.25mg | D43: 福安源 0.25mg | E43: ='15'!C5 -> 衛署藥製字第041519號 | F43: 衛署藥製字第 | G43: 41519 | H43: ='15'!L3 -> 79 | I43: ='15'!M3 -> 300 | J43: ='15'!N3 -> 224 | L43: ='15'!O3 -> 155
A44: 103 | B44: FLUI | C44: FLUZEPAM 2MG | D44: 復爾靜 | E44: 衛署藥製字第040148號 | F44: 衛署藥製字第 | G44: 40148 | H44: ='103'!L3 -> 52 | I44: ='103'!M3 -> 90 | J44: ='103'!N3 -> 140 | K44: ='103'!O4 -> 0 | L44: ='103'!O3 -> 2 | M44: 46631
A45: 82 | B45: FRI | C45: ='82'!$B$3 -> Frisium 10mg | D45: 服利寧 10mg | E45: 衛署藥輸字第023071號 | F45: 衛署藥輸字第 | G45: 23071 | H45: ='82'!L3 -> 0 | I45: ='82'!M3 -> 0 | J45: ='82'!N3 -> 0 | L45: ='82'!O3 -> 0 | N45: *
A46: 49 | B46: GEN4 | C46: ='49'!$B$3 -> Gendergin S.R 1mg | D46: 健得靜持續錠 1mg | E46: ='49'!C5 -> 衛署藥製字第044011號 | F46: 衛署藥製字第 | G46: 44011 | H46: ='49'!L3 -> 0 | I46: ='49'!M3 -> 0 | J46: ='49'!N3 -> 0 | L46: ='49'!O3 -> 0 | N46: *
A47: 55 | B47: GEN5/ GENA | C47: ='55'!$B$3 -> Genclone 7.5mg | D47: 健康得眠 7.5mg | E47: ='55'!C5 -> 衛署藥字製第043460號 | F47: 衛署藥字製第 | G47: 43460 | H47: ='55'!L3 -> 84 | I47: ='55'!M3 -> 260 | J47: ='55'!N3 -> 280 | K47: 38 | L47: ='55'!O3 -> 64 | M47: 47027
A48: 5 | B48: HALC | C48: ='5'!$B$3 -> Halcion 0.25mg | D48: 酣樂欣 0.25mg | E48: ='5'!C5 -> 衛署藥輸字第021726號 | F48: 衛署藥輸字第 | G48: 21726 | H48: ='5'!L3 -> 136.5 | I48: ='5'!M3 -> 300 | J48: ='5'!N3 -> 312 | K48: 42 | L48: ='5'!O3 -> 124.5
A49: 24 | B49: IMO2/ IMO3 | C49: ='24'!$B$3 -> Imovane 7.5mg | D49: 宜眠安 7.5mg | E49: ='24'!C5 -> 衛署藥輸字第018158號 | F49: 衛署藥輸字第 | G49: 18158 | H49: ='24'!L3 -> 323 | I49: ='24'!M3 -> 1680 | J49: ='24'!N3 -> 1566.5 | K49: 175 | L49: ='24'!O3 -> 436.5
A50: 43 | B50: KIN1/ ALPR5/ KIN6 | C50: ='43'!$B$3 -> Kinax 0.5mg | D50: 景安寧 0.5mg | E50: ='43'!C5 -> 衛署藥製字第042686號 | F50: 衛署藥製字第 | G50: 42686 | H50: ='43'!L3 -> 2620 | I50: ='43'!M3 -> 0 | J50: ='43'!N3 -> 1764.5 | K50: 120 | L50: ='43'!O3 -> 855.5
A51: 53 | B51: KIN2/ KIN5 | C51: ='53'!$B$3 -> Kinzolam 2mg | D51: 金座錠 2mg | E51: ='53'!C5 -> 衛署藥製字第044029號 | F51: 衛署藥製字第 | G51: 44029 | H51: ='53'!L3 -> 2 | I51: ='53'!M3 -> 170 | J51: ='53'!N3 -> 140 | L51: ='53'!O3 -> 32 | M51: 46569
A52: 74 | B52: LAR0 | C52: ='74'!$B$3 -> Larpam 2mg | D52: 樂眠錠 2mg | E52: 衛署藥製字第033929號 | F52: 衛署藥製字第 | G52: 33929 | H52: ='74'!L3 -> 0 | I52: ='74'!M3 -> 0 | J52: ='74'!N3 -> 0 | L52: ='74'!O3 -> 0 | N52: *
A53: 42 | B53: LEND/LEN0 | C53: ='42'!$B$3 -> Lendormin 0.25mg | D53: 戀多眠 0.25mg | E53: ='42'!C5 -> 衛署藥輸字第025713號 | F53: 衛署藥輸字第 | G53: 25713 | H53: ='42'!L3 -> 510.5 | I53: ='42'!M3 -> 1600 | J53: ='42'!N3 -> 1972 | K53: 149 | L53: ='42'!O3 -> 138.5
A54: 16 | B54: LEX | C54: ='16'!$B$3 -> Lexotan 3mg | D54: 立舒定 3mg | E54: ='16'!C5 -> 衛署藥輸字第004457號 | F54: 衛署藥輸字第 | G54: 4457 | H54: ='16'!L3 -> 3 | I54: ='16'!M3 -> 350 | J54: ='16'!N3 -> 308 | L54: ='16'!O3 -> 45
A55: 46 | B55: LEX1 | C55: ='46'!$B$3 -> Lexotan 1.5mg | D55: 立舒定 1.5mg | E55: ='46'!C5 -> 衛署藥輸字第004459號 | F55: 衛署藥輸字第 | G55: 4459 | H55: ='46'!L3 -> 0 | I55: ='46'!M3 -> 0 | J55: ='46'!N3 -> 0 | L55: ='46'!O3 -> 0 | N55: *
A56: 85 | B56: LOR2 | C56: ='85'!$B$3 -> Lorazin 1mg | D56: 樂立靜錠 1mg | E56: 衛署藥製字第022816號 | F56: 衛署藥製字第 | G56: 22816 | H56: ='85'!L3 -> 4 | I56: ='85'!M3 -> 0 | J56: ='85'!N3 -> 0 | L56: ='85'!O3 -> 4 | M56: 46266
A57: 39 | B57: LOW0 | C57: ='39'!$B$3 -> Lowen 0.5mg | D57: 樂穩錠 0.5mg | E57: ='39'!C5 -> 衛署藥製字第027849號 | F57: 衛署藥製字第 | G57: 27849 | H57: ='39'!L3 -> 64 | I57: ='39'!M3 -> 120 | J57: ='39'!N3 -> 168 | L57: ='39'!O3 -> 16 | M57: 46204
A58: 97 | B58: METH | C58: ='97'!$B$3 -> Methydur S.R 22mg | D58: 思有得持續膠囊22mg | E58: 衛部藥製字第060165號 | F58: 衛部藥製字第 | G58: 60165 | H58: ='97'!L3 -> 6 | I58: ='97'!M3 -> 0 | J58: ='97'!N3 -> 0 | L58: ='97'!O3 -> 6 | M58: 46296
A59: 104 | B59: METJ | C59: Methydur S.R 33mg | D59: 思有得持續膠囊33mg | E59: 衛署藥製字第060152號 | F59: 衛署藥製字第 | G59: 60152 | H59: ='104'!L3 -> 4 | I59: ='104'!M3 -> 112 | J59: ='104'!N3 -> 112 | K59: ='104'!O3 -> 4 | L59: ='104'!O3 -> 4 | M59: 46054
A60: 17 | B60: MOD2 | C60: ='17'!$B$3 -> Modipanol 2mg | D60: 美得眠 2mg | E60: ='17'!C5 -> 衛署藥製字第037997號 | F60: 衛署藥製字第 | G60: 37997 | H60: ='17'!L3 -> 20 | I60: ='17'!M3 -> 150 | J60: ='17'!N3 -> 84 | K60: 38 | L60: ='17'!O3 -> 86 | M60: 46539
A61: 96 | B61: MOD3 | C61: ='96'!$B$3 -> Modipanol 1mg | D61: 美得眠 1mg | E61: 衛署藥製字第045779號 | F61: 衛署藥製字第 | G61: 45779 | H61: ='96'!L3 -> 0 | I61: ='96'!M3 -> 60 | J61: ='96'!N3 -> 56 | L61: ='96'!O3 -> 4 | N61: *
A62: 67 | B62: MUA0 | C62: ='67'!$B$3 -> Muaction S.R 100mg | D62: 妙而通持續錠 100mg | E62: 衛署藥製字第042770號 | F62: 衛署藥製字第 | G62: 42770 | H62: ='67'!L3 -> 0 | I62: ='67'!M3 -> 0 | J62: ='67'!N3 -> 0 | L62: ='67'!O3 -> 0 | N62: *
A63: 98 | B63: NAR1 | C63: ='98'!$B$3 -> Nargin 5mg | D63: 納靜膜衣錠 5mg | E63: ='98'!C5 -> 衛署藥製字第055108號 | F63: 衛署藥製字第 | G63: 55108 | H63: ='98'!L3 -> 0 | I63: ='98'!M3 -> 0 | J63: ='98'!N3 -> 0 | L63: ='98'!O3 -> 0 | N63: *
A64: 6 | B64: ONSL | C64: ='6'!$B$3 -> Onsleep 10mg | D64: 入眠順 10mg | E64: ='6'!C5 -> 衛署藥製字第049166號 | F64: 衛署藥製字第 | G64: 49166 | H64: ='6'!L3 -> 0 | I64: ='6'!M3 -> 0 | J64: ='6'!N3 -> 0 | L64: ='6'!O3 -> 0 | N64: *
A65: 87 | B65: OPI | C65: ='87'!$B$3 -> Opicet 37.5mg | D65: 奧必膜衣錠 37.5mg | E65: 衛部藥製字第058168號 | F65: 衛部藥製字第 | G65: 58168 | H65: ='87'!L3 -> 0 | I65: ='87'!M3 -> 0 | J65: ='87'!N3 -> 0 | L65: ='87'!O3 -> 0 | N65: *
A66: 52 | B66: PHE | C66: ='52'!$B$3 -> Phenobarbital 30mg | D66: 苯巴比特魯錠 30mg | E66: ='52'!C5 -> 內衛藥製字第013419號 | F66: 內衛藥製字第 | G66: 13419 | H66: ='52'!L3 -> 2 | I66: ='52'!M3 -> 0 | J66: ='52'!N3 -> 2 | L66: ='52'!O3 -> 0 | M66: 46023
A67: 89 | B67: RIP | C67: ='89'!$B$3 -> Ripam 0.5mg | D67: 利平靜 0.5mg | E67: 衛署藥製字第058017號 | F67: 衛署藥製字第 | G67: 58017 | H67: ='89'!L3 -> 100 | I67: ='89'!M3 -> 360 | J67: ='89'!N3 -> 364 | L67: ='89'!O3 -> 96 | M67: 46631
A68: 35 | B68: RIT | C68: ='35'!$B$3 -> Ritalin 10mg | D68: 利他能 10mg | E68: ='35'!C5 -> 衛署藥製字第030740號 | F68: 衛署藥製字第 | G68: 30740 | H68: ='35'!L3 -> 0 | I68: ='35'!M3 -> 0 | J68: ='35'!N3 -> 0 | L68: ='35'!O3 -> 0 | N68: *
A69: 81 | B69: RIT1 | C69: ='81'!$B$3 -> Ritalin 10mg | D69: 利他能 10mg | E69: 衛部藥輸字第027080號 | F69: 衛部藥輸字第 | G69: 27080 | H69: ='81'!L3 -> 0 | I69: ='81'!M3 -> 0 | J69: ='81'!N3 -> 0 | L69: ='81'!O3 -> 0 | M69: 45962
A70: 86 | B70: RIT2 | C70: ='86'!$B$3 -> Ritalin LA 20mg | D70: 利長能持續錠 20mg | E70: 衛署藥輸字第025333號 | F70: 衛署藥輸字第 | G70: 25333 | H70: ='86'!L3 -> 8 | I70: ='86'!M3 -> 30 | J70: ='86'!N3 -> 28 | L70: ='86'!O3 -> 10 | M70: 46082
A71: 90 | B71: RIT4? | C71: ='90'!$B$3 -> Ritalin LA 40mg | D71: 利長能持續錠 40mg | E71: ='90'!C5 -> 衛署藥輸字第025335號 | F71: 衛署藥輸字第 | G71: 25335 | H71: ='90'!L3 -> 0 | I71: ='90'!M3 -> 0 | J71: ='90'!N3 -> 0 | L71: ='90'!O3 -> 0 | N71: *
A72: 18 | B72: RIV1/RIVI/RIV8 | C72: ='18'!$B$3 -> Rivotril 0.5mg | D72: 利福全 0.5mg | E72: ='18'!C5 -> 衛署藥輸字第003077號 | F72: 衛署藥輸字第 | G72: 3077 | H72: ='18'!L3 -> 991 | I72: ='18'!M3 -> 5100 | J72: ='18'!N3 -> 3391.5 | K72: =288+428.5 -> 716.5 | L72: ='18'!O3 -> 2699.5
A73: 23 | B73: RIV3/RIV5 | C73: ='23'!$B$3 -> Rivotril 2mg | D73: 利福全 2mg | E73: ='23'!C5 -> 衛署藥輸字第003078號 | F73: 衛署藥輸字第 | G73: 3078 | H73: ='23'!L3 -> 206.5 | I73: ='23'!M3 -> 1200 | J73: ='23'!N3 -> 664 | K73: 98 | L73: ='23'!O3 -> 742.5
A74: 77 | B74: SEA0 | C74: ='77'!$B$3 -> Seanto 10mg | D74: 舒安得膠囊 10mg | E74: 衛署藥製字第031295號 | F74: 衛署藥製字第 | G74: 31295 | H74: ='77'!L3 -> 0 | I74: ='77'!M3 -> 0 | J74: ='77'!N3 -> 0 | L74: ='77'!O3 -> 0 | N74: *
A75: 47 | B75: SEC/ SEC1 | C75: ='47'!$B$3 -> Secorin 10mg | D75: 益可寧 10mg | E75: ='47'!C5 -> 衛署藥製字第028649號 | F75: 衛署藥製字第 | G75: 28649 | H75: ='47'!L3 -> 0 | I75: ='47'!M3 -> 396 | J75: ='47'!N3 -> 286 | L75: ='47'!O3 -> 110 | N75: *
A76: 37 | B76: SIL3/ SILE | C76: ='37'!$B$3 -> Silence 1mg | D76: 悠然錠 1mg | E76: ='37'!C5 -> 衛署藥製字第019247號 | F76: 衛署藥製字第 | G76: 19247 | H76: ='37'!L3 -> 574 | I76: ='37'!M3 -> 2030 | J76: ='37'!N3 -> 898 | L76: ='37'!O3 -> 1706
A77: 100 | B77: SON2 | C77: ='100'!$B$3 -> Sonaplon 2mg | D77: 舒寧必朗膠囊 2mg | E77: ='100'!C5 -> 衛部藥製字第049423號 | F77: 衛部藥製字第 | G77: 49423 | H77: ='100'!L3 -> 0 | I77: ='100'!M3 -> 0 | J77: ='100'!N3 -> 0 | L77: ='100'!O3 -> 0 | N77: *
A78: 34 | B78: SOTA | C78: ='34'!$B$3 -> Sotalon 10mg | D78: 舒得夢 10mg | E78: ='34'!C5 -> 衛署藥製字第049084號 | F78: 衛署藥製字第 | G78: 49084 | H78: ='34'!L3 -> 0 | I78: ='34'!M3 -> 0 | J78: ='34'!N3 -> 0 | L78: ='34'!O3 -> 0 | N78: *
A79: 88 | B79: STA2 | C79: ='88'!$B$3 -> Stapam 0.5mg | D79: 速立安 0.5mg | E79: 衛署藥製字第022111號 | F79: 衛署藥製字第 | G79: 22111 | H79: ='88'!L3 -> 0 | I79: ='88'!M3 -> 0 | J79: ='88'!N3 -> 0 | L79: ='88'!O3 -> 0 | N79: *
A80: 19 | B80: STI1/ STI3/ STI4 | C80: ='19'!$B$3 -> Stilnox 10mg | D80: 使蒂諾斯 10mg | E80: ='19'!C5 -> 衛署藥輸字第021531號 | F80: 衛署藥輸字第 | G80: 21531 | H80: ='19'!L3 -> 505.5 | I80: ='19'!M3 -> 3024 | J80: ='19'!N3 -> 1760 | K80: 274 | L80: ='19'!O3 -> 1769.5
A81: 48 | B81: STI2 | C81: ='48'!$B$3 -> Stilnox C.R 6.25 mg | D81: 使蒂諾斯長效錠 6.25mg | E81: ='48'!C5 -> 衛署藥輸字第024677號 | F81: 衛署藥輸字第 | G81: 24677 | H81: ='48'!L3 -> 0 | I81: ='48'!M3 -> 112 | J81: ='48'!N3 -> 56 | L81: ='48'!O3 -> 56 | N81: *
A82: 25 | B82: STIL/ SEM | C82: ='25'!$B$3 -> Semi-Nax 10mg | D82: 舒眠諾思 10mg | E82: ='25'!C5 -> 衛署藥製字第044463號 | F82: 衛署藥製字第 | G82: 44463 | H82: ='25'!L3 -> 107 | I82: ='25'!M3 -> 750 | J82: ='25'!N3 -> 690 | K82: 28 | L82: ='25'!O3 -> 167 | M82: 46600
A83: 8 | B83: SULN | C83: ='8'!$B$3 -> SULNINE 10mg | D83: 舒寧膠囊 10mg | E83: ='8'!C5 -> 衛署藥製字第035256號 | F83: 衛署藥製字第 | G83: 35256 | H83: ='8'!L3 -> 415 | I83: ='8'!M3 -> 3000 | J83: ='8'!N3 -> 2213 | K83: 197 | L83: ='8'!O3 -> 1202
A84: 40 | B84: SYN2 | C84: ='40'!$B$3 -> Syndoman 15mg | D84: 欣得眠 15mg | E84: ='40'!C5 -> 衛署藥製字第042227號 | F84: 衛署藥製字第 | G84: 42227 | H84: ='40'!L3 -> 0 | I84: ='40'!M3 -> 0 | J84: ='40'!N3 -> 0 | L84: ='40'!O3 -> 0 | N84: *
A85: 84 | B85: SYNA | C85: ='84'!$B$3 -> Syndoman 30mg | D85: 欣得眠 30mg | E85: 衛署藥製字第042222號 | F85: 衛署藥製字第 | G85: 42222 | H85: ='84'!L3 -> 0 | I85: ='84'!M3 -> 0 | J85: ='84'!N3 -> 0 | K85: 28 | L85: ='84'!O3 -> 0 | N85: *
A86: 69 | B86: TAEE | C86: ='69'!$B$3 -> Taee S.C 5mg | D86: 大益膜衣錠 5mg | E86: 內衛藥製字第001503號 | F86: 內衛藥製字第 | G86: 1503 | H86: ='69'!L3 -> 0 | I86: ='69'!M3 -> 0 | J86: ='69'!N3 -> 0 | L86: ='69'!O3 -> 0 | N86: *
A87: 73 | B87: TRA4 | C87: ='73'!$B$3 -> Tramacet 37.5mg | D87: 妥美亭 37.5mg | E87: 衛署藥製字第057779號 | F87: 衛署藥製字第 | G87: 57779 | H87: ='73'!L3 -> 275 | I87: ='73'!M3 -> 0 | J87: ='73'!N3 -> 136 | L87: ='73'!O3 -> 139 | M87: 46692
A88: 76 | B88: TRA6 | C88: ='76'!$B$3 -> Tramed 50mg | D88: 特美痛膠囊 50mg | E88: 衛署藥製字第043824號 | F88: 衛署藥製字第 | G88: 43824 | H88: ='76'!L3 -> 8 | I88: ='76'!M3 -> 0 | J88: ='76'!N3 -> 0 | L88: ='76'!O3 -> 8 | M88: 46143
A89: 83 | B89: TRA7 | C89: ='83'!$B$3 -> Tramadol Sandoz Uno 200mg | D89: 治爾疼持續錠 200mg | E89: 衛署藥輸字第024340號 | F89: 衛署藥輸字第 | G89: 24340 | H89: ='83'!L3 -> 0 | I89: ='83'!M3 -> 0 | J89: ='83'!N3 -> 0 | L89: ='83'!O3 -> 0 | N89: *
A90: 101 | B90: U-C1 | C90: Zodem 10mg | D90: 安眠諾登 10mg | E90: ='101'!C5 -> 衛署藥製字第045279號 | F90: 衛署藥製字第 | G90: 45279 | H90: ='101'!L3 -> 4 | I90: ='101'!M3 -> 0 | J90: ='101'!N3 -> 0 | L90: ='101'!O3 -> 4 | M90: 46692
A91: 20 | B91: ULTR | C91: ='20'!$B$3 -> Ultracet 37.5mg | D91: 及通安 37.5mg | E91: ='20'!C5 -> 衛署藥輸字第023917號 | F91: 衛署藥輸字第 | G91: 23917 | H91: ='20'!L3 -> 0 | I91: ='20'!M3 -> 0 | J91: ='20'!N3 -> 0 | L91: ='20'!O3 -> 0 | N91: *
A92: 65 | B92: ULTR2/TRA3 | C92: ='65'!$B$3 -> Traceton 37.5mg | D92: 服安痛 37.5mg | E92: 衛署藥製字第056706號 | F92: 衛署藥製字第 | G92: 56706 | H92: ='65'!L3 -> 7 | I92: ='65'!M3 -> 630 | J92: ='65'!N3 -> 536 | L92: ='65'!O3 -> 101
A93: 92 | B93: UTR | C93: ='92'!$B$3 -> Utraphen 37.5mg | D93: 立除痛 37.5mg | E93: 衛署藥製字第057777號 | F93: 衛署藥製字第 | G93: 57777 | H93: ='92'!L3 -> 0 | I93: ='92'!M3 -> 80 | J93: ='92'!N3 -> 66 | L93: ='92'!O3 -> 14
A94: 9 | B94: VA2P | C94: ='9'!$B$3 -> Diazepam 2mg | D94: 煩靜錠 2mg | E94: ='9'!C5 -> 衛署藥製字第030507號 | F94: 衛署藥製字第 | G94: 30507 | H94: ='9'!L3 -> 706 | I94: ='9'!M3 -> 1000 | J94: ='9'!N3 -> 1390 | K94: 419 | L94: ='9'!O3 -> 316
A95: 105 | B95: WON | C95: Wontran ER | D95: 保寧緩釋錠75mg | E95: 衛部藥輸字第026598號 | F95: 衛署藥輸字第 | G95: 26598 | H95: ='105'!L3 -> 4 | I95: ='105'!M3 -> 0 | J95: ='105'!N3 -> 0 | K95: ='105'!O3 -> 4 | L95: ='105'!O3 -> 4 | M95: 46296
A96: 21 | B96: XAN1/XAN2 | C96: ='21'!$B$3 -> Xanax 0.5mg | D96: 贊安諾 0.5mg | E96: ='21'!C5 -> 衛署藥輸字第021140號 | F96: 衛署藥輸字第 | G96: 21140 | H96: ='21'!L3 -> 1402 | I96: ='21'!M3 -> 3000 | J96: ='21'!N3 -> 2951 | K96: 418 | L96: ='21'!O3 -> 1451
A97: 33 | B97: XAN3 | C97: ='33'!$B$3 -> Xanax XR E.R 0.5mg | D97: 贊安諾持續錠 0.5mg | E97: ='33'!C5 -> 衛署藥輸字第021698號 | F97: 衛署藥輸字第 | G97: 21698 | H97: ='33'!L3 -> 150 | I97: ='33'!M3 -> 710 | J97: ='33'!N3 -> 762 | K97: 30 | L97: ='33'!O3 -> 98
A98: 44 | B98: XAN4 | C98: ='44'!$B$3 -> Xanax 0.25mg | D98: 贊安諾 0.25mg | E98: ='44'!C5 -> 衛署藥輸字第021234號 | F98: 衛署藥輸字第 | G98: 21234 | H98: ='44'!L3 -> 92 | I98: ='44'!M3 -> 60 | J98: ='44'!N3 -> 28 | L98: ='44'!O3 -> 124 | M98: 46266
A99: 62 | B99: ZIP/ZOL1/ZIP1 | C99: ='62'!$B$3 -> Zipsoon 10mg | D99: 伏眠 10mg | E99: ='62'!C5 -> 衛署藥製字第046563號 | F99: 衛署藥製字第 | G99: 46563 | H99: ='62'!L3 -> 690 | I99: ='62'!M3 -> 1000 | J99: ='62'!N3 -> 964 | K99: 88 | L99: ='62'!O3 -> 726
A100: 10 | B100: ZODE/ ZOD1 | C100: ='10'!$B$3 -> Zodenox 10mg | D100: 悠眠錠 10mg | E100: ='10'!C5 -> 衛署藥製字第049217號 | F100: 衛署藥製字第 | G100: 49217 | H100: ='10'!L3 -> 32 | I100: ='10'!M3 -> 360 | J100: ='10'!N3 -> 252 | L100: ='10'!O3 -> 140 | N100: *
...

Sheet 異動log
A1: 日期 | B1: 相關編號 | C1: 事件 | D1: 備註
A2: 45146 | B2: 24 | C2: 新增 IMO3 於 IMO2 欄位 | D2: IMO2 (BC18158100) IMO3 (BC181581G0)
A3: 45185 | B3: 36 | C3: 新增 ZOLC 於 ZOL2 欄位 | D3: ZOL2(AC46013100) ZOLC(AC460131G0) | H3: 總表欄位有隱藏
A4: 45201 | B4: 1~10 | C4: 9月以前另存 | H4: 下面的頁籤也有隱藏
A5: 45213 | B5: 36 | C5: 新增 ZOLC 於 ZOL2 欄位 | D5: 消失了 重做一次
A6: 45231 | B6: 79 | C6: 新增 ZOL61 於 ZOL6 欄位 | D6: ZOL6健保碼是中化-若定 ZOL61 才對
A7: 45271 | B7: 102 | C7: 新增 EPI2 胃舒服 | D7: 憑證12/7銷售 12/11收到
A8: 45475 | B8: 105 | C8: 新增 WON
A9: 45845 | B9: 107 | C9: 新增 LEYOUMIAN 10mg

Sheet 2
A1: 【 醫療機構、藥局 】(第 四 級管制藥品) | J1: 久裕CDP10300000802 | K1: 調劑 | L1: 購買
A2: 藥代：ATIV,ATI2 | B2: 管 制 藥 品 收 支 結 存 簿 冊 | J2: 名稱 | K2: 字號 | L2: 上期結存 | M2: 收入 | N2: 支出 | O2: 結存
A3: 藥品名稱 | B3: Ativan 0.5mg | E3: 管制藥品成分及含量 | H3: Lorazepam 0.5mg | K3: 018741 | L3: =H7 -> 608 | M3: =SUM(C$8:C$1048576) -> 1000 | N3: =SUM(F:F) -> 1102 | O3: =L3+M3-N3 -> 506
A4: 管制級別 | B4: 四 | E4: 製造廠名稱 | H4: 美商惠氏藥廠(亞洲)(股)公司
A5: 藥品許可證字號 | C5: 衛署藥輸字第018741號 | H5: 最小單位 | I5: 粒
A6: 日 期 | B6: 收支原因 | C6: 收入數量 | D6: 收入藥品批號 | F6: 支出數量 | H6: 結存數量 | I6: 備 註
A7: 115/01/01 | B7: 上期結存 | C7: 608 | H7: 608 | I7: BPP112000001 | Q7: 嘉鏵 (CDP100000003)
A8: 115/01/05 | B8: 調劑 | F8: 20 | H8: =H7-F8 -> 588 | Q8: 江鎰 (QDA10600000101)
A9: 115/01/07 | B9: 調劑 | F9: 30 | H9: =H8-F9 -> 558
A10: 115/01/09 | B10: 調劑 | F10: 84 | H10: =H9-F10 -> 474
A11: 115/01/24 | B11: 調劑 | F11: 3 | H11: =H10-F11 -> 471
A12: 115/02/01 | B12: 調劑 | F12: 30 | H12: =H11-F12 -> 441
A13: 115/02/02 | B13: 調劑 | F13: 20 | H13: =H12-F13 -> 421
A14: 115/02/05 | B14: 調劑 | F14: 84 | H14: =H13-F14 -> 337
A15: 115/02/21 | B15: 調劑 | F15: 56 | H15: =H14-F15 -> 281
A16: 115/02/28 | B16: 調劑 | F16: 28 | H16: =H15-F16 -> 253
A17: 115/03/02 | B17: 調劑 | F17: 20 | H17: =H16-F17 -> 233
A18: 115/03/03 | B18: 購買 | C18: 1000 | D18: 1256S | H18: 1233 | I18: 久裕
A19: 115/03/05 | B19: 調劑 | F19: 37 | H19: =H18-F19 -> 1196
A20: 115/03/14 | B20: 調劑 | F20: 30 | H20: =H19-F20 -> 1166
A21: 115/03/17 | B21: 調劑 | F21: 14 | H21: =H20-F21 -> 1152
A22: 115/03/18 | B22: 調劑 | F22: 84 | H22: =H21-F22 -> 1068
A23: 115/03/21 | B23: 調劑 | F23: 56 | H23: =H22-F23 -> 1012
A24: 115/03/30 | B24: 調劑 | F24: 20 | H24: =H23-F24 -> 992
A25: 115/04/13 | B25: 調劑 | F25: 7 | H25: =H24-F25 -> 985
A26: 115/04/15 | B26: 調劑 | F26: 84 | H26: =H25-F26 -> 901
A27: 115/04/25 | B27: 調劑 | F27: 28 | H27: =H26-F27 -> 873
A28: 115/04/27 | B28: 調劑 | F28: 3 | H28: =H27-F28 -> 870
A29: 115/05/09 | B29: 調劑 | F29: 3 | H29: =H28-F29 -> 867
A30: 115/05/15 | B30: 調劑 | F30: 56 | H30: =H29-F30 -> 811
... A43: 115/07/23 | B43: 調劑 | F43: 5 | H43: =H42-F43 -> 506

Sheet 3
A1: 【 醫療機構、藥局 】(第 四 級管制藥品) | J1: 天義ADP08900008103 | K1: 調劑 | L1: 購買
A2: 藥代：ERA/ERA2 | B2: 管 制 藥 品 收 支 結 存 簿 冊 | J2: 名稱 | K2: 字號 | L2: 上期結存 | M2: 收入 | N2: 支出 | O2: 結存
A3: 藥品名稱 | B3: ERA 0.25mg | E3: 管制藥品成分及含量 | H3: Fludiazepam 0.25mg | L3: 8 | N3: =SUM(F:F) -> 0 | O3: =L3+M3-N3 -> 8
A4: 管制級別 | B4: 四 | E4: 製造廠名稱 | H4: 台灣東洋藥品工業(股)公司
A5: 藥品許可證字號 | C5: 衛署藥製字第037577號 | H5: 最小單位 | I5: 粒
A6: 日 期 | B6: 收支原因 | C6: 收入數量 | D6: 收入藥品批號 | F6: 支出數量 | H6: 結存數量 | I6: 備 註
A7: 115/01/01 | B7: 上期結存 | C7: 0 | H7: 0 | I7: BPP112000001

Sheet 4
A1: 【 醫療機構、藥局 】(第 四 級管制藥品)
A2: 藥代：ESTA,ELA | B2: 管 制 藥 品 收 支 結 存 簿 冊 | J2: 名稱 | K2: 字號 | L2: 上期結存 | M2: 收入 | N2: 支出 | O2: 結存
A3: 藥品名稱 | B3: ELAM 2mg | E3: 管制藥品成分及含量 | H3: Estazolam 2mg | J3: =B3 -> ELAM 2mg | K3: 43860 | L3: =H7 -> 1038.5 | M3: =SUM(C$8:C$1048576) -> 0 | N3: =SUM(F:F) -> 600 | O3: =L3+M3-N3 -> 438.5
A4: 管制級別 | B4: 四 | E4: 製造廠名稱 | H4: 永勝藥品工業(股)公司
A5: 藥品許可證字號 | C5: 衛署藥製字第043860號 | H5: 最小單位 | I5: 粒
A6: 日 期 | B6: 收支原因 | C6: 收入數量 | D6: 收入藥品批號 | F6: 支出數量 | H6: 結存數量 | I6: 備 註
A7: 115/01/01 | B7: 上期結存 | C7: 1038.5 | H7: 1038.5 | I7: BPP112000001
A8: 115/01/07 | B8: 調劑 | F8: 30 | H8: =H7-F8 -> 1008.5
A9: 115/01/07 | B9: 調劑 | F9: 30 | H9: =H8-F9 -> 978.5
A10: 115/01/16 | B10: 調劑 | F10: 30 | H10: =H9-F10 -> 948.5
A11: 115/02/03 | B11: 調劑 | F11: 30 | H11: =H10-F11 -> 918.5
A12: 115/02/12 | B12: 調劑 | F12: 14 | H12: =H11-F12 -> 904.5
A13: 115/02/15 | B13: 調劑 | F13: 7 | H13: =H12-F13 -> 897.5
A14: 115/02/26 | B14: 調劑 | F14: 3 | H14: =H13-F14 -> 894.5
A15: 115/03/02 | B15: 調劑 | F15: 30 | H15: =H14-F15 -> 864.5
A16: 115/03/09 | B16: 調劑 | F16: 60 | H16: =H15-F16 -> 804.5
A17: 115/03/20 | B17: 調劑 | F17: 14 | H17: =H16-F17 -> 790.5
A18: 115/03/31 | B18: 調劑 | F18: 30 | H18: =H17-F18 -> 760.5
A19: 115/04/01 | B19: 調劑 | F19: 30 | H19: =H18-F19 -> 730.5
... A29: 115/07/14 | B29: 調劑 | F29: 7 | H29: =H28-F29 -> 438.5

Sheet 5
A1: 【 醫療機構、藥局 】(第 三 級管制藥品)
A2: 藥代：HALC | B2: 管 制 藥 品 收 支 結 存 簿 冊 | J2: 名稱 | K2: 字號 | L2: 上期結存 | M2: 收入 | N2: 支出 | O2: 結存
A3: 藥品名稱 | B3: Halcion 0.25mg | E3: 管制藥品成分及含量 | H3: Triazolam 0.25mg | J3: =B3 -> Halcion 0.25mg | K3: 21726 | L3: =H7 -> 136.5 | M3: =SUM(C$8:C$1048576) -> 300 | N3: =SUM(F:F) -> 312 | O3: =L3+M3-N3 -> 124.5
A4: 管制級別 | B4: 三 | E4: 製造廠名稱 | H4: 輝瑞大藥廠(股)公司
A5: 藥品許可證字號 | C5: 衛署藥輸字第021726號 | H5: 最小單位 | I5: 粒
A6: 日 期 | B6: 收支原因 | C6: 收入數量 | D6: 收入藥品批號 | F6: 支出數量 | H6: 結存數量 | I6: 備 註
A7: 115/01/01 | B7: 上期結存 | C7: 136.5 | H7: 136.5 | I7: BPP112000001
A8: 115/01/05 | B8: 調劑 | F8: 30 | H8: =H7-F8 -> 106.5 | I8: 施秀媚 (C200972006)
A9: 115/01/08 | B9: 調劑 | F9: 42 | H9: =H8-F9 -> 64.5 | I9: 邵素雲(Q202326156)
A10: 115/02/08 | B10: 調劑 | F10: 42 | H10: =H9-F10 -> 22.5 | I10: 邵素雲(Q202326156)
A11: 115/02/10 | B11: 購買 | C11: 100 | D11: MR8665 | H11: 122.5 | I11: 嘉鏵
A12: 115/04/09 | B12: 調劑 | F12: 42 | H12: =H11-F12 -> 80.5 | I12: 邵素雲(Q202326156)
A13: 115/04/29 | B13: 調劑 | F13: 42 | H13: =H12-F13 -> 38.5 | I13: 黃惠美(J220676001)
A14: 115/04/30 | B14: 購買 | C14: 100 | D14: MR8657 | H14: 138.5 | I14: 邵素雲(Q202326156)
A15: 115/06/25 | B15: 調劑 | F15: 72 | H15: =H14-F15 -> 66.5 | I15: 施秀媚 (C200972006)
A16: 115/07/22 | B16: 調劑 | F16: 42 | H16: =H15-F16 -> 24.5 | I16: 邵素雲(Q202326156)
A17: 115/07/23 | B17: 購買 | C17: 100 | D17: NK4188 | H17: 124.5 | I17: 嘉鏵
I19: 邵素雲(Q202326156)
I20: 嘉鏵

Sheet 6
A1: 【 醫療機構、藥局 】(第 四 級管制藥品)
A2: 藥代：ONSL | B2: 管 制 藥 品 收 支 結 存 簿 冊 | J2: 名稱 | K2: 字號 | L2: 上期結存 | M2: 收入 | N2: 支出 | O2: 結存
A3: 藥品名稱 | B3: Onsleep 10mg | E3: 管制藥品成分及含量 | H3: Zaleplon 10mg | J3: =B3 -> Onsleep 10mg | K3: 49166 | L3: 0 | M3: =SUM(C:C) -> 0 | N3: =SUM(F:F) -> 0 | O3: =L3+M3-N3 -> 0
A4: 管制級別 | B4: 四 | E4: 製造廠名稱 | H4: 生達化學製藥(股)公司
A5: 藥品許可證字號 | C5: 衛署藥製字第049166號 | H5: 最小單位 | I5: 粒
A6: 日 期 | B6: 收支原因 | C6: 收入數量 | D6: 收入藥品批號 | F6: 支出數量 | H6: 結存數量 | I6: 備 註
A7: 115/01/01 | B7: 上期結存 | C7: 0 | H7: 0

Sheet 7
A1: 【 醫療機構、藥局 】(第 四 級管制藥品)
A2: 藥代：RIVT/CLO1 | B2: 管 制 藥 品 收 支 結 存 簿 冊 | J2: 名稱 | K2: 字號 | L2: 上期結存 | M2: 收入 | N2: 支出 | O2: 結存
A3: 藥品名稱 | B3: Clonazepam 0.5mg | E3: 管制藥品成分及含量 | H3: Clonazepam 0.5mg | J3: =B3 -> Clonazepam 0.5mg | K3: 45342 | L3: =H7 -> 345.5 | M3: =SUM(C$8:C$1048576) -> 300 | N3: =SUM(F:F) -> 501 | O3: =L3+M3-N3 -> 144.5
A4: 管制級別 | B4: 四 | E4: 製造廠名稱 | H4: 榮民製藥(股)公司
A5: 藥品許可證字號 | C5: 衛署藥製字第045342號 | H5: 最小單位 | I5: 粒
A6: 日 期 | B6: 收支原因 | C6: 收入數量 | D6: 收入藥品批號 | F6: 支出數量 | H6: 結存數量 | I6: 備 註
A7: 115/01/01 | B7: 上期結存 | C7: 345.5 | H7: =C7 -> 345.5 | I7: BPP112000001
A8: 115/01/09 | B8: 調劑 | F8: 6 | H8: =H7-F8 -> 339.5
A9: 115/01/13 | B9: 調劑 | F9: 56 | H9: =H8-F9 -> 283.5
A10: 115/01/17 | B10: 調劑 | F10: 6 | H10: =H9-F10 -> 277.5
A11: 115/01/27 | B11: 調劑 | F11: 6 | H11: =H10-F11 -> 271.5 | I11: 嘉鏵
A12: 115/02/07 | B12: 調劑 | F12: 6 | H12: =H11-F12 -> 265.5
A13: 115/02/13 | B13: 調劑 | F13: 34 | H13: =H12-F13 -> 231.5 | I13: 嘉鏵CDP100000003
A14: 115/02/21 | B14: 調劑 | F14: 6 | H14: =H13-F14 -> 225.5
A15: 115/03/03 | B15: 調劑 | F15: 6 | H15: =H14-F15 -> 219.5
A16: 115/03/11 | B16: 調劑 | F16: 56 | H16: =H15-F16 -> 163.5
A17: 115/03/14 | B17: 調劑 | F17: 6 | H17: =H16-F17 -> 157.5
A18: 115/03/24 | B18: 調劑 | F18: 6 | H18: =H17-F18 -> 151.5
A19: 115/04/02 | B19: 調劑 | F19: 6 | H19: =H18-F19 -> 145.5
A20: 115/04/09 | B20: 調劑 | F20: 56 | H20: =H19-F20 -> 89.5
A21: 115/04/10 | B21: 調劑 | F21: 6 | H21: =H20-F21 -> 83.5 | I21: 嘉鏵
A22: 115/04/15 | B22: 調劑 | F22: 28 | H22: =H21-F22 -> 55.5
A23: 115/04/18 | B23: 調劑 | F23: 6 | H23: =H22-F23 -> 49.5
A24: 115/04/27 | B24: 購買 | C24: 200 | D24: 2K816 | H24: 249.5 | I24: 嘉鏵
A25: 115/04/28 | B25: 調劑 | F25: 6 | H25: =H24-F25 -> 243.5
A26: 115/05/04 | B26: 調劑 | F26: 5 | H26: =H25-F26 -> 238.5
A27: 115/05/07 | B27: 調劑 | F27: 6 | H27: =H26-F27 -> 232.5
A28: 115/05/12 | B28: 調劑 | F28: 28 | H28: =H27-F28 -> 204.5 | I28: 嘉鏵
A29: 115/05/16 | B29: 調劑 | F29: 6 | H29: =H28-F29 -> 198.5
A30: 115/05/26 | B30: 調劑 | F30: 6 | H30: =H29-F30 -> 192.5
A31: 115/06/01 | B31: 調劑 | F31: 56 | H31: =H30-F31 -> 136.5
A32: 115/06/04 | B32: 調劑 | F32: 6 | H32: =H31-F32 -> 130.5
A33: 115/06/13 | B33: 調劑 | F33: 6 | H33: =H32-F33 -> 124.5
A34: 115/06/24 | B34: 調劑 | F34: 6 | H34: =H33-F34 -> 118.5
A35: 115/06/27 | B35: 調劑 | F35: 56 | H35: =H34-F35 -> 62.5 | L35: CLONO
A36: 115/06/30 | B36: 購買 | C36: 100 | D36: 2KC56 | H36: 162.5 | I36: 嘉鏵CDP100000003
A37: 115/07/03 | B37: 調劑 | F37: 6 | H37: =H36-F37 -> 156.5
A38: 115/07/13 | B38: 調劑 | F38: 6 | H38: =H37-F38 -> 150.5
A39: 115/07/22 | B39: 調劑 | F39: 6 | H39: =H38-F39 -> 144.5

Sheet 8
A1: 【 醫療機構、藥局 】(第 四 級管制藥品) | J1: 惠勝MDP09300000203 | K1: 調劑 | L1: 購買
A2: 藥代：SULN | B2: 管 制 藥 品 收 支 結 存 簿 冊 | J2: 名稱 | K2: 字號 | L2: 上期結存 | M2: 收入 | N2: 支出 | O2: 結存
A3: 藥品名稱 | B3: SULNINE 10mg | E3: 管制藥品成分及含量 | H3: Oxazolam 10mg | J3: =B3 -> SULNINE 10mg | K3: 035256 | L3: =H7 -> 415 | M3: =SUM(C$8:C$1048576) -> 3000 | N3: =SUM(F:F) -> 2213 | O3: =L3+M3-N3 -> 1202
A4: 管制級別 | B4: 四 | E4: 製造廠名稱 | H4: 永勝藥品工業(股)公司
A5: 藥品許可證字號 | C5: 衛署藥製字第035256號 | H5: 最小單位 | I5: 粒
A6: 日 期 | B6: 收支原因 | C6: 收入數量 | D6: 收入藥品批號 | F6: 支出數量 | H6: 結存數量 | I6: 備 註
A7: 115/01/01 | B7: 上期結存 | C7: 415 | H7: 415 | I7: BPP112000001
A8: 115/01/01 | B8: 調劑 | F8: 7 | H8: =H7-F8 -> 408
A9: 115/01/05 | B9: 調劑 | F9: 28 | H9: =H8-F9 -> 380
A10: 115/01/07 | B10: 調劑 | F10: 29 | H10: =H9-F10 -> 351
A11: 115/01/09 | B11: 調劑 | F11: 18 | H11: =H10-F11 -> 333
A12: 115/01/12 | B12: 調劑 | F12: 6 | H12: =H11-F12 -> 327
A13: 115/01/13 | B13: 調劑 | F13: 27 | H13: =H12-F13 -> 300
A14: 115/01/15 | B14: 調劑 | F14: 12 | H14: =H13-F14 -> 288
A15: 115/01/16 | B15: 調劑 | F15: 10 | H15: =H14-F15 -> 278
A16: 115/01/17 | B16: 調劑 | F16: 18 | H16: =H15-F16 -> 260
A17: 115/01/19 | B17: 調劑 | F17: 9 | H17: =H16-F17 -> 251
A18: 115/01/21 | B18: 購買 | C18: 1000 | D18: R1100105 | H18: 1251 | I18: 惠勝
A19: 115/01/21 | B19: 調劑 | F19: 14 | H19: =H18-F19 -> 1237
A20: 115/01/22 | B20: 調劑 | F20: 6 | H20: =H19-F20 -> 1231
A21: 115/01/24 | B21: 調劑 | F21: 6 | H21: =H20-F21 -> 1225
A22: 115/01/26 | B22: 調劑 | F22: 33 | H22: =H21-F22 -> 1192
A23: 115/01/27 | B23: 調劑 | F23: 18 | H23: =H22-F23 -> 1174
A24: 115/01/29 | B24: 調劑 | F24: 36 | H24: =H23-F24 -> 1138
A25: 115/01/30 | B25: 調劑 | F25: 30 | H25: =H24-F25 -> 1108
A26: 115/02/01 | B26: 調劑 | F26: 6 | H26: =H25-F26 -> 1102
A27: 115/02/02 | B27: 調劑 | F27: 34 | H27: =H26-F27 -> 1068
A28: 115/02/03 | B28: 調劑 | F28: 21 | H28: =H27-F28 -> 1047
A29: 115/02/04 | B29: 調劑 | F29: 22 | H29: =H28-F29 -> 1025
A30: 115/02/05 | B30: 調劑 | F30: 27 | H30: =H29-F30 -> 998
... A49: 115/03/17 | B49: 調劑 | F49: 21 | H49: =H48-F49 -> 580
A50: 115/03/18 | B50: 購買 | C50: 1000 | D50: R1100105 | H50: 1580 | I50: 惠勝MDP09300000203
A51: 115/03/20 | B51: 調劑 | F51: 21 | H51: =H50-F51 -> 1559
A52: 115/03/24 | B52: 調劑 | F52: 24 | H52: =H51-F52 -> 1535
A53: 115/03/25 | B53: 調劑 | F53: 6 | H53: =H52-F53 -> 1529
A54: 115/03/27 | B54: 調劑 | F54: 60 | H54: =H53-F54 -> 1469
A55: 115/03/30 | B55: 調劑 | F55: 61 | H55: =H54-F55 -> 1408
A56: 115/03/31 | B56: 調劑 | F56: 51 | H56: =H55-F56 -> 1357
A57: 115/04/01 | B57: 調劑 | F57: 5 | H57: =H56-F57 -> 1352
A58: 115/04/02 | B58: 調劑 | F58: 18 | H58: =H57-F58 -> 1334
A59: 115/04/04 | B59: 調劑 | F59: 14 | H59: =H58-F59 -> 1320
A60: 115/04/06 | B60: 調劑 | F60: 21 | H60: =H59-F60 -> 1299
A61: 115/04/07 | B61: 調劑 | F61: 24 | H61: =H60-F61 -> 1275
A62: 115/04/08 | B62: 調劑 | F62: 22 | H62: =H61-F62 -> 1253
A63: 115/04/09 | B63: 調劑 | F63: 9 | H63: =H62-F63 -> 1244
A64: 115/04/10 | B64: 調劑 | F64: 18 | H64: =H63-F64 -> 1226 | I64: 惠勝
A65: 115/04/11 | B65: 調劑 | F65: 9 | H65: =H64-F65 -> 1217
A66: 115/04/13 | B66: 調劑 | F66: 15 | H66: =H65-F66 -> 1202
A67: 115/04/14 | B67: 調劑 | F67: 9 | H67: =H66-F67 -> 1193
A68: 115/04/15 | B68: 調劑 | F68: 3 | H68: =H67-F68 -> 1190
A69: 115/04/16 | B69: 調劑 | F69: 9 | H69: =H68-F69 -> 1181
A70: 115/04/18 | B70: 調劑 | F70: 18 | H70: =H69-F70 -> 1163
A71: 115/04/21 | B71: 調劑 | F71: 21 | H71: =H70-F71 -> 1142
A72: 115/04/23 | B72: 調劑 | F72: 30 | H72: =H71-F72 -> 1112
A73: 115/04/28 | B73: 調劑 | F73: 27 | H73: =H72-F73 -> 1085
A74: 115/04/29 | B74: 調劑 | F74: 6 | H74: =H73-F74 -> 1079
A75: 115/04/30 | B75: 調劑 | F75: 42 | H75: =H74-F75 -> 1037
A76: 115/05/01 | B76: 調劑 | F76: 21 | H76: =H75-F76 -> 1016
... A114: 115/07/06 | B114: 調劑 | F114: 21 | H114: =H113-F114 -> 343
A115: 115/07/06 | B115: 購買 | C115: 1000 | D115: R1100206 | H115: 1343 | I115: 永勝
A116: 115/07/09 | B116: 調劑 | F116: 9 | H116: =H115-F116 -> 1334
A117: 115/07/13 | B117: 調劑 | F117: 39 | H117: =H116-F117 -> 1295
A118: 115/07/15 | B118: 調劑 | F118: 3 | H118: =H117-F118 -> 1292
A119: 115/07/16 | B119: 調劑 | F119: 9 | H119: =H118-F119 -> 1283
A120: 115/07/20 | B120: 調劑 | F120: 6 | H120: =H119-F120 -> 1277
A121: 115/07/22 | B121: 調劑 | F121: 24 | H121: =H120-F121 -> 1253
A122: 115/07/23 | B122: 調劑 | F122: 21 | H122: =H121-F122 -> 1232
A123: 115/07/24 | B123: 調劑 | F123: 30 | H123: =H122-F123 -> 1202

Sheet 9
A1: 【 醫療機構、藥局 】(第 四 級管制藥品) | J1: 永信 | K1: 調劑 | L1: 購買
A2: 藥代：VA2P | B2: 管 制 藥 品 收 支 結 存 簿 冊 | J2: 名稱 | K2: 字號 | L2: 上期結存 | M2: 收入 | N2: 支出 | O2: 結存
A3: 藥品名稱 | B3: Diazepam 2mg | E3: 管制藥品成分及含量 | H3: Diazepam 2mg | J3: =B3 -> Diazepam 2mg | K3: 030507 | L3: =H7 -> 706 | M3: =SUM(C$8:C$1048576) -> 1000 | N3: =SUM(F:F) -> 1390 | O3: =L3+M3-N3 -> 316
A4: 管制級別 | B4: 四 | E4: 製造廠名稱 | H4: 永信藥品工業股份有限公司
A5: 藥品許可證字號 | C5: 衛署藥製字第030507號 | H5: 最小單位 | I5: 粒
A6: 日 期 | B6: 收支原因 | C6: 收入數量 | D6: 收入藥品批號 | F6: 支出數量 | H6: 結存數量 | I6: 備 註
A7: 115/01/01 | B7: 上期結存 | C7: 706 | H7: 706 | I7: BPP112000001
A8: 115/01/02 | B8: 調劑 | F8: 7.5 | H8: =H7-F8 -> 698.5
A9: 115/01/05 | B9: 調劑 | F9: 4.5 | H9: =H8-F9 -> 694
A10: 115/01/06 | B10: 調劑 | F10: 21 | H10: =H9-F10 -> 673
A11: 115/01/07 | B11: 調劑 | F11: 18 | H11: =H10-F11 -> 655
A12: 115/01/08 | B12: 調劑 | F12: 14 | H12: =H11-F12 -> 641
A13: 115/01/09 | B13: 調劑 | F13: 7.5 | H13: =H12-F13 -> 633.5
A14: 115/01/12 | B14: 調劑 | F14: 4.5 | H14: =H13-F14 -> 629
A15: 115/01/13 | B15: 調劑 | F15: 21 | H15: =H14-F15 -> 608
A16: 115/01/14 | B16: 調劑 | F16: 3 | H16: =H15-F16 -> 605
A17: 115/01/15 | B17: 調劑 | F17: 9 | H17: =H16-F17 -> 596
A18: 115/01/16 | B18: 調劑 | F18: 18 | H18: =H17-F18 -> 578
A19: 115/01/19 | B19: 調劑 | F19: 14 | H19: =H18-F19 -> 564
... A51: 115/03/23 | B51: 調劑 | F51: 32 | H51: =H50-F51 -> 135.5
A52: 115/03/24 | B52: 購買 | C52: 1000 | D52: BRT2 T003 | H52: 1135.5 | I52: 永信
A53: 115/03/24 | B53: 調劑 | F53: 9 | H53: =H52-F53 -> 1126.5
A54: 115/03/26 | B54: 調劑 | F54: 4.5 | H54: =H53-F54 -> 1122
A55: 115/03/28 | B55: 調劑 | F55: 21 | H55: =H54-F55 -> 1101
A56: 115/03/29 | B56: 調劑 | F56: 9 | H56: =H55-F56 -> 1092
A57: 115/03/30 | B57: 調劑 | F57: 28 | H57: =H56-F57 -> 1064
A58: 115/3/31 | B58: 調劑 | F58: 4.5 | H58: =H57-F58 -> 1059.5
A59: 115/04/02 | B59: 調劑 | F59: 4.5 | H59: =H58-F59 -> 1055
A60: 115/04/04 | B60: 調劑 | F60: 21 | H60: =H59-F60 -> 1034
A61: 115/04/08 | B61: 調劑 | F61: 6 | H61: =H60-F61 -> 1028
A62: 115/04/11 | B62: 調劑 | F62: 19.5 | H62: =H61-F62 -> 1008.5
A63: 115/04/12 | B63: 調劑 | F63: 5 | H63: =H62-F63 -> 1003.5
A64: 115/04/15 | B64: 調劑 | F64: 4.5 | H64: =H63-F64 -> 999
A65: 115/04/16 | B65: 調劑 | F65: 14 | H65: =H64-F65 -> 985
A66: 115/04/17 | B66: 調劑 | F66: 25.5 | H66: =H65-F66 -> 959.5 | I66: 永信HFP10100000101
A67: 115/04/21 | B67: 調劑 | F67: 4.5 | H67: =H66-F67 -> 955
A68: 115/04/22 | B68: 調劑 | F68: 5 | H68: =H67-F68 -> 950
A69: 115/04/23 | B69: 調劑 | F69: 4.5 | H69: =H68-F69 -> 945.5
A70: 115/04/24 | B70: 調劑 | F70: 9 | H70: =H69-F70 -> 936.5
A71: 115/04/25 | B71: 調劑 | F71: 21 | H71: =H70-F71 -> 915.5
A72: 115/04/26 | B72: 調劑 | F72: 9 | H72: =H71-F72 -> 906.5
A73: 115/04/28 | B73: 調劑 | F73: 21 | H73: =H72-F73 -> 885.5
A74: 115/04/29 | B74: 調劑 | F74: 9 | H74: =H73-F74 -> 876.5
A75: 115/05/02 | B75: 調劑 | F75: 70 | H75: =H74-F75 -> 806.5
A76: 115/05/06 | B76: 調劑 | F76: 21 | H76: =H75-F76 -> 785.5
A77: 115/05/07 | B77: 調劑 | F77: 9 | H77: =H76-F77 -> 776.5
A78: 115/05/11 | B78: 調劑 | F78: 18.5 | H78: =H77-F78 -> 758
... A81: 115/05/15 | B81: 調劑 | F81: 10.5 | H81: =H80-F81 -> 739.5
A82: 115/05/16 | B82: 調劑 | F82: 21 | H82: =H81-F82 -> 718.5 | I82: 黃景旭9
A83: 115/05/17 | B83: 調劑 | F83: 4.5 | H83: =H82-F83 -> 714
A84: 115/05/18 | B84: 調劑 | F84: 20 | H84: =H83-F84 -> 694
A85: 115/05/22 | B85: 調劑 | F85: 6 | H85: =H84-F85 -> 688
A86: 115/05/25 | B86: 調劑 | F86: 6 | H86: =H85-F86 -> 682
A87: 115/05/27 | B87: 調劑 | F87: 25.5 | H87: =H86-F87 -> 656.5
A88: 115/05/28 | B88: 調劑 | F88: 4.5 | H88: =H87-F88 -> 652
A89: 115/06/01 | B89: 調劑 | F89: 23 | H89: =H88-F89 -> 629
A90: 115/06/08 | B90: 調劑 | F90: 4.5 | H90: =H89-F90 -> 624.5
A91: 115/06/10 | B91: 調劑 | F91: 42 | H91: =H90-F91 -> 582.5
A92: 115/06/11 | B92: 調劑 | F92: 14 | H92: =H91-F92 -> 568.5
A93: 115/06/14 | B93: 調劑 | F93: 4.5 | H93: =H92-F93 -> 564
A94: 115/06/15 | B94: 調劑 | F94: 4.5 | H94: =H93-F94 -> 559.5
... A110: 115/07/22 | B110: 調劑 | F110: 14 | H110: =H109-F110 -> 316

Sheet 11
A1: 【 醫療機構、藥局 】(第 四 級管制藥品)
A2: 藥代：ZOL2 | B2: 管 制 藥 品 收 支 結 存 簿 冊 | J2: 名稱 | K2: 字號 | L2: 上期結存 | M2: 收入 | N2: 支出 | O2: 結存
A3: 藥品名稱 | B3: Zolpidem 10mg | E3: 管制藥品成分及含量 | H3: Zolpidem 10mg | J3: =B3 -> Zolpidem 10mg | K3: 046255 | L3: 0 | M3: =SUM(C:C) -> 0 | N3: =SUM(F:F) -> 0 | O3: =L3+M3-N3 -> 0
A4: 管制級別 | B4: 四 | E4: 製造廠名稱 | H4: 中國化學製藥股份有限公司
A5: 藥品許可證字號 | C5: 衛署藥製字第046255號 | H5: 最小單位 | I5: 粒
A6: 日 期 | B6: 收支原因 | C6: 收入數量 | D6: 收入藥品批號 | F6: 支出數量 | H6: 結存數量 | I6: 備 註
A7: 115/01/01 | B7: 上期結存 | C7: 0 | H7: 0

Sheet 10
A1: 【 醫療機構、藥局 】(第 四 級管制藥品)
A2: 藥代：ZODE/ZOD1 | B2: 管 制 藥 品 收 支 結 存 簿 冊 | J2: 名稱 | K2: 字號 | L2: 上期結存 | M2: 收入 | N2: 支出 | O2: 結存
A3: 藥品名稱 | B3: Zodenox 10mg | E3: 管制藥品成分及含量 | H3: Zolpidem 10mg | J3: =B3 -> Zodenox 10mg | K3: 049217 | L3: =H7 -> 32 | M3: =SUM(C$8:C$1048576) -> 360 | N3: =SUM(F:F) -> 252 | O3: =L3+M3-N3 -> 140
A4: 管制級別 | B4: 四 | E4: 製造廠名稱 | H4: 永信藥品工業股份有限公司
A5: 藥品許可證字號 | C5: 衛署藥製字第049217號 | H5: 最小單位 | I5: 粒
A6: 日 期 | B6: 收支原因 | C6: 收入數量 | D6: 收入藥品批號 | F6: 支出數量 | H6: 結存數量 | I6: 備 註
A7: 115/01/01 | B7: 上期結存 | C7: 32 | H7: 32 | I7: 嘉鏵
A8: 115/01/09 | B8: 調劑 | F8: 28 | H8: =H7-F8 -> 4
A9: 115/02/26 | B9: 購買 | C9: 100 | D9: ZOTT003 | H9: 104 | I9: 江鎰
A10: 115/02/28 | B10: 調劑 | F10: 28 | H10: =H9-F10 -> 76
A11: 115/03/24 | B11: 調劑 | F11: 28 | H11: =H10-F11 -> 48
A12: 115/04/04 | B12: 調劑 | F12: 28 | H12: =H11-F12 -> 20
A13: 115/04/10 | B13: 購買 | C13: 200 | D13: ZOTT003 | H13: 220 | I13: 嘉鏵CDP100000003
A14: 115/04/24 | B14: 調劑 | F14: 28 | H14: =H13-F14 -> 192
A15: 115/04/27 | B15: 購買 | C15: 60 | D15: ZOTT004 | H15: 252 | I15: 嘉鏵CDP100000003
A16: 115/05/14 | B16: 調劑 | F16: 28 | H16: =H15-F16 -> 224
A17: 115/06/18 | B17: 調劑 | F17: 28 | H17: =H16-F17 -> 196
A18: 115/06/19 | B18: 調劑 | F18: 28 | H18: =H17-F18 -> 168
A19: 115/07/18 | B19: 調劑 | F19: 28 | H19: =H18-F19 -> 140

Sheet 12
A1: 【 醫療機構、藥局 】(第 四 級管制藥品)
A2: 藥代：ZOLA/ZOL5 | B2: 管 制 藥 品 收 支 結 存 簿 冊 | J2: 名稱 | K2: 字號 | L2: 上期結存 | M2: 收入 | N2: 支出 | O2: 結存
A3: 藥品名稱 | B3: Zolpidem 10mg | E3: 管制藥品成分及含量 | H3: Zolpidem 10mg | J3: =B3 -> Zolpidem 10mg | K3: 57306 | L3: =H7 -> 2233 | M3: =SUM(C$8:C$1048576) -> 3000 | N3: =SUM(F:F) -> 3043 | O3: =L3+M3-N3 -> 2190
A4: 管制級別 | B4: 四 | E4: 製造廠名稱 | H4: 中國化學製藥股份有限公司
A5: 藥品許可證字號 | C5: 衛署藥製字第057306號 | H5: 最小單位 | I5: 粒
A6: 日 期 | B6: 收支原因 | C6: 收入數量 | D6: 收入藥品批號 | F6: 支出數量 | H6: 結存數量 | I6: 備 註
A7: 115/01/01 | B7: 上期結存 | C7: 2233 | H7: 2233 | I7: 維元社區藥局 (BPP112000001)
A8: 115/01/02 | B8: 調劑 | F8: 28 | H8: =H7-F8 -> 2205
A9: 115/01/03 | B9: 調劑 | F9: 60 | H9: =H8-F9 -> 2145
A10: 115/01/05 | B10: 調劑 | F10: 90 | H10: =H9-F10 -> 2055
A11: 115/01/07 | B11: 調劑 | F11: 30 | H11: =H10-F11 -> 2025
A12: 115/01/08 | B12: 調劑 | F12: 28 | H12: =H11-F12 -> 1997
A13: 115/01/09 | B13: 調劑 | F13: 60 | H13: =H12-F13 -> 1937
A14: 115/01/12 | B14: 調劑 | F14: 15 | H14: =H13-F14 -> 1922
A15: 115/01/14 | B15: 調劑 | F15: 14 | H15: =H14-F15 -> 1908
A16: 115/01/23 | B16: 調劑 | F16: 28 | H16: =H15-F16 -> 1880
A17: 115/01/27 | B17: 調劑 | F17: 30 | H17: =H16-F17 -> 1850
A18: 115/01/28 | B18: 調劑 | F18: 60 | H18: =H17-F18 -> 1790
A19: 115/02/02 | B19: 調劑 | F19: 90 | H19: =H18-F19 -> 1700
A20: 115/02/03 | B20: 購買 | C20: 1000 | D20: E2560225 | H20: 2700 | I20: 中化
A21: 115/02/03 | B21: 調劑 | F21: 7 | H21: =H20-F21 -> 2693
A22: 115/02/04 | B22: 調劑 | F22: 30 | H22: =H21-F22 -> 2663 | I22: 中化ADP09200001603
A23: 115/02/05 | B23: 調劑 | F23: 30 | H23: =H22-F23 -> 2633
A24: 115/02/06 | B24: 調劑 | F24: 28 | H24: =H23-F24 -> 2605
A25: 115/02/09 | B25: 調劑 | F25: 15 | H25: =H24-F25 -> 2590
A26: 115/02/11 | B26: 調劑 | F26: 86 | H26: =H25-F26 -> 2504
A27: 115/02/12 | B27: 調劑 | F27: 30 | H27: =H26-F27 -> 2474
A28: 115/02/13 | B28: 調劑 | F28: 28 | H28: =H27-F28 -> 2446
A29: 115/02/22 | B29: 調劑 | F29: 30 | H29: =H28-F29 -> 2416
A30: 115/02/25 | B30: 調劑 | F30: 60 | H30: =H29-F30 -> 2356
A31: 115/02/26 | B31: 調劑 | F31: 60 | H31: =H30-F31 -> 2296
A32: 115/02/28 | B32: 調劑 | F32: 30 | H32: =H31-F32 -> 2266
A33: 115/03/03 | B33: 調劑 | F33: 30 | H33: =H32-F33 -> 2236
A34: 115/03/04 | B34: 調劑 | F34: 88 | H34: =H33-F34 -> 2148
... A63: 115/05/20 | B63: 調劑 | F63: 14 | H63: =H62-F63 -> 1108
A64: 115/05/22 | B64: 調劑 | F64: 30 | H64: =H63-F64 -> 1078 | I64: 中化
A65: 115/05/27 | B65: 調劑 | F65: 90 | H65: =H64-F65 -> 988
A66: 115/05/29 | B66: 調劑 | F66: 30 | H66: =H65-F66 -> 958
A67: 115/05/30 | B67: 調劑 | F67: 60 | H67: =H66-F67 -> 898
A68: 115/06/02 | B68: 調劑 | F68: 28 | H68: =H67-F68 -> 870
A69: 115/06/01 | B69: 購買 | C69: 2000 | D69: E2560236 | H69: 2870 | I69: 中化
A70: 115/06/05 | B70: 調劑 | F70: 60 | H70: =H69-F70 -> 2810
A71: 115/06/06 | B71: 調劑 | F71: 30 | H71: =H70-F71 -> 2780
A72: 115/06/08 | B72: 調劑 | F72: 30 | H72: =H71-F72 -> 2750
A73: 115/06/10 | B73: 調劑 | F73: 30 | H73: =H72-F73 -> 2720
A74: 115/06/11 | B74: 調劑 | F74: 15 | H74: =H73-F74 -> 2705
A75: 115/06/13 | B75: 調劑 | F75: 56 | H75: =H74-F75 -> 2649
A76: 115/06/23 | B76: 調劑 | F76: 30 | H76: =H75-F76 -> 2619
A77: 115/06/26 | B77: 調劑 | F77: 30 | H77: =H76-F77 -> 2589
A78: 115/06/27 | B78: 調劑 | F78: 60 | H78: =H77-F78 -> 2529
A79: 115/06/29 | B79: 調劑 | F79: 60 | H79: =H78-F79 -> 2469
A80: 115/07/02 | B80: 調劑 | F80: 28 | H80: =H79-F80 -> 2441
A81: 115/07/06 | B81: 調劑 | F81: 30 | H81: =H80-F81 -> 2411
... A87: 115/07/23 | B87: 調劑 | F87: 30 | H87: =H86-F87 -> 2190

Sheet 13
A1: 【 醫療機構、藥局 】(第 四 級管制藥品)
A2: 藥代：DIAL/DIA1 | B2: 管 制 藥 品 收 支 結 存 簿 冊 | J2: 名稱 | K2: 字號 | L2: 上期結存 | M2: 收入 | N2: 支出 | O2: 結存
A3: 藥品名稱 | B3: Diapin 2mg | E3: 管制藥品成分及含量 | H3: Diazepam 2mg | J3: =B3 -> Diapin 2mg | K3: 000059 | L3: =H7 -> 76 | M3: =SUM(C$8:C$1048576) -> 0 | N3: =SUM(F:F) -> 28 | O3: =L3+M3-N3 -> 48
A4: 管制級別 | B4: 四 | E4: 製造廠名稱 | H4: 韋淳貿易股份有限公司 | O4: =N3 -> 28
A5: 藥品許可證字號 | C5: 衛署藥製字第000059號 | H5: 最小單位 | I5: 粒
A6: 日 期 | B6: 收支原因 | C6: 收入數量 | D6: 收入藥品批號 | F6: 支出數量 | H6: 結存數量 | I6: 備 註
A7: 115/01/01 | B7: 上期結存 | C7: 76 | H7: 76 | I7: 維元社區藥局 (BPP112000001)
A8: 115/03/02 | B8: 調劑 | F8: 28 | H8: =H7-F8 -> 48

Sheet 14
A1: 【 醫療機構、藥局 】(第 四 級管制藥品) | J1: 嘉鏵(CDP100000003) | K1: 江鎰(QDA10600000101) | L1: 調劑 | M1: 購買
A2: 藥代：ESZO/ ESZ2/ESZ | B2: 管 制 藥 品 收 支 結 存 簿 冊 | J2: 名稱 | K2: 字號 | L2: 上期結存 | M2: 收入 | N2: 支出 | O2: 結存
A3: 藥品名稱 | B3: Eszo 2mg | E3: 管制藥品成分及含量 | H3: Estazolam 2mg | J3: =B3 -> Eszo 2mg | K3: 042646 | L3: =H7 -> 482.5 | M3: =SUM(C$8:C$1048576) -> 1000 | N3: =SUM(F:F) -> 1164 | O3: =L3+M3-N3 -> 318.5
A4: 管制級別 | B4: 四 | E4: 製造廠名稱 | H4: 信東生技股份有限公司
A5: 藥品許可證字號 | C5: 衛署藥製字第042646號 | H5: 最小單位 | I5: 粒
A6: 日 期 | B6: 收支原因 | C6: 收入數量 | D6: 收入藥品批號 | F6: 支出數量 | H6: 結存數量 | I6: 備 註
A7: 115/01/01 | B7: 上期結存 | C7: 482.5 | H7: 482.5 | I7: 維元社區藥局 (BPP112000001)
A8: 115/01/01 | B8: 調劑 | F8: 28 | H8: =H7-F8 -> 454.5
A9: 115/01/05 | B9: 調劑 | F9: 14 | H9: =H8-F9 -> 440.5
A10: 115/01/07 | B10: 調劑 | F10: 28 | H10: =H9-F10 -> 412.5
A11: 115/01/08 | B11: 調劑 | F11: 60 | H11: =H10-F11 -> 352.5
A12: 115/01/12 | B12: 調劑 | F12: 42 | H12: =H11-F12 -> 310.5
A13: 115/01/14 | B13: 調劑 | F13: 28 | H13: =H12-F13 -> 282.5
A14: 115/01/15 | B14: 調劑 | F14: 14 | H14: =H13-F14 -> 268.5
A15: 115/01/22 | B15: 調劑 | F15: 28 | H15: =H14-F15 -> 240.5
A16: 115/01/27 | B16: 調劑 | F16: 30 | H16: =H15-F16 -> 210.5 | I16: 嘉鏵CDP100000003
A17: 115/02/07 | B17: 調劑 | F17: 30 | H17: =H16-F17 -> 180.5
A18: 115/02/11 | B18: 調劑 | F18: 28 | H18: =H17-F18 -> 152.5
A19: 115/02/12 | B19: 調劑 | F19: 14 | H19: =H18-F19 -> 138.5
A20: 115/02/13 | B20: 購買 | C20: 400 | D20: 2540301 | H20: 538.5 | I20: 嘉鏵CDP100000003
A21: 115/02/24 | B21: 調劑 | F21: 28 | H21: =H20-F21 -> 510.5
A22: 115/02/25 | B22: 調劑 | F22: 42 | H22: =H21-F22 -> 468.5 | I22: 嘉鏵CDP100000003
A23: 115/02/26 | B23: 調劑 | F23: 79 | H23: =H22-F23 -> 389.5
A24: 115/02/27 | B24: 調劑 | F24: 28 | H24: =H23-F24 -> 361.5
A25: 115/03/04 | B25: 調劑 | F25: 28 | H25: =H24-F25 -> 333.5
A26: 115/03/05 | B26: 調劑 | F26: 7 | H26: =H25-F26 -> 326.5
A27: 115/03/24 | B27: 調劑 | F27: 28 | H27: =H26-F27 -> 298.5
A28: 115/03/25 | B28: 調劑 | F28: 14 | H28: =H27-F28 -> 284.5
A29: 115/03/25 | B29: 購買 | C29: 300 | D29: 2540308 | H29: 584.5 | I29: 嘉鏵CDP100000003
A30: 115/03/29 | B30: 調劑 | F30: 30 | H30: =H29-F30 -> 554.5
A31: 115/03/31 | B31: 調劑 | F31: 28 | H31: =H30-F31 -> 526.5
A32: 115/04/02 | B32: 調劑 | F32: 28 | H32: =H31-F32 -> 498.5
A33: 115/04/10 | B33: 調劑 | F33: 42 | H33: =H32-F33 -> 456.5
A34: 115/04/23 | B34: 調劑 | F34: 14 | H34: =H33-F34 -> 442.5
A35: 115/04/26 | B35: 調劑 | F35: 30 | H35: =H34-F35 -> 412.5
A36: 115/04/28 | B36: 調劑 | F36: 15 | H36: =H35-F36 -> 397.5 | I36: QDA10600000101 江鎰
A37: 115/04/30 | B37: 調劑 | F37: 15 | H37: =H36-F37 -> 382.5
A38: 115/05/16 | B38: 調劑 | F38: 28 | H38: =H37-F38 -> 354.5
A39: 115/05/19 | B39: 調劑 | F39: 56 | H39: =H38-F39 -> 298.5
A40: 115/05/23 | B40: 調劑 | F40: 28 | H40: =H39-F40 -> 270.5
A41: 115/05/28 | B41: 調劑 | F41: 30 | H41: =H40-F41 -> 240.5
A42: 115/06/02 | B42: 調劑 | F42: 7 | H42: =H41-F42 -> 233.5
A43: 115/06/07 | B43: 購買 | C43: 300 | D43: 2580306 | H43: 533.5 | I43: 嘉鏵CDP100000003
A44: 115/06/12 | B44: 調劑 | F44: 28 | H44: =H43-F44 -> 505.5
A45: 115/06/16 | B45: 調劑 | F45: 72 | H45: =H44-F45 -> 433.5
A46: 115/06/17 | B46: 調劑 | F46: 14 | H46: =H45-F46 -> 419.5
A47: 115/06/20 | B47: 調劑 | F47: 28 | H47: =H46-F47 -> 391.5
A48: 115/06/29 | B48: 調劑 | F48: 30 | H48: =H47-F48 -> 361.5
A49: 115/07/02 | B49: 調劑 | F49: 15 | H49: =H48-F49 -> 346.5
A50: 115/07/18 | B50: 調劑 | F50: 28 | H50: =H49-F50 -> 318.5 | I50: 江鎰QDA10600000101
I53: 嘉鏵CDP100000003

Sheet 15
A1: 【 醫療機構、藥局 】(第 四 級管制藥品)
A2: 藥代：FLU2/FLUH | B2: 管 制 藥 品 收 支 結 存 簿 冊 | J2: 名稱 | K2: 字號 | L2: 上期結存 | M2: 收入 | N2: 支出 | O2: 結存
A3: 藥品名稱 | B3: Flupine 0.25mg | E3: 管制藥品成分及含量 | H3: Fludiazepam 0.25mg | J3: =B3 -> Flupine 0.25mg | K3: 041519 | L3: =H7 -> 79 | M3: =SUM(C$8:C$1048576) -> 300 | N3: =SUM(F:F) -> 224 | O3: =L3+M3-N3 -> 155
A4: 管制級別 | B4: 四 | E4: 製造廠名稱 | H4: 強生化學製藥廠股份有限公司
A5: 藥品許可證字號 | C5: 衛署藥製字第041519號 | H5: 最小單位 | I5: 粒
A6: 日 期 | B6: 收支原因 | C6: 收入數量 | D6: 收入藥品批號 | F6: 支出數量 | H6: 結存數量 | I6: 備 註
A7: 115/01/01 | B7: 上期結存 | C7: 79 | H7: 79 | I7: 維元社區藥局 (BPP112000001)
A8: 115/02/01 | B8: 購買 | C8: 300 | D8: BES011 | H8: 379 | I8: 嘉鏵CDP100000003
A9: 115/02/09 | B9: 調劑 | F9: 56 | H9: =H8-F9 -> 323 | I9: 嘉鏵
A10: 115/03/19 | B10: 調劑 | F10: 56 | H10: =H9-F10 -> 267
A11: 115/06/22 | B11: 調劑 | F11: 56 | H11: =H10-F11 -> 211
A12: 115/07/16 | B12: 調劑 | F12: 56 | H12: =H11-F12 -> 155

Sheet 16
A1: 【 醫療機構、藥局 】(第 四 級管制藥品)
A2: 藥代：LEX | B2: 管 制 藥 品 收 支 結 存 簿 冊 | J2: 名稱 | K2: 字號 | L2: 上期結存 | M2: 收入 | N2: 支出 | O2: 結存
A3: 藥品名稱 | B3: Lexotan 3mg | E3: 管制藥品成分及含量 | H3: Bromazepam 3mg | J3: =B3 -> Lexotan 3mg | K3: 004457 | L3: =H7 -> 3 | M3: =SUM(C$8:C$1048576) -> 350 | N3: =SUM(F:F) -> 308 | O3: =L3+M3-N3 -> 45
A4: 管制級別 | B4: 四 | E4: 製造廠名稱 | H4: 羅氏大藥廠股份有限公司
A5: 藥品許可證字號 | C5: 衛署藥輸字第004457號 | H5: 最小單位 | I5: 粒
A6: 日 期 | B6: 收支原因 | C6: 收入數量 | D6: 收入藥品批號 | F6: 支出數量 | H6: 結存數量 | I6: 備 註
A7: 115/01/01 | B7: 上期結存 | C7: 3 | H7: 3 | I7: 維元社區藥局 (BPP112000001)
A8: 115/01/07 | B8: 購買 | C8: 30 | D8: M1764M1 | H8: 33 | I8: 嘉鏵CDP100000003
A9: 115/01/12 | B9: 調劑 | F9: 28 | H9: =H8-F9 -> 5
A10: 115/01/17 | B10: 調劑 | F10: 30 | H10: =H9-F10 -> -25
A11: 115/01/18 | B11: 購買 | C11: 90 | D11: M1764M1 | H11: 65 | I11: 嘉鏵CDP100000003
A12: 115/02/14 | B12: 調劑 | F12: 30 | H12: =H11-F12 -> 35
A13: 115/03/11 | B13: 調劑 | F13: 30 | H13: =H12-F13 -> 5
A14: 115/04/10 | B14: 調劑 | F14: 30 | H14: =H13-F14 -> -25
A15: 115/04/10 | B15: 購買 | C15: 100 | D15: M1783M3 | H15: 75 | I15: 嘉鏵CDP100000003
A16: 115/05/11 | B16: 調劑 | F16: 30 | H16: =H15-F16 -> 45
A17: 115/05/25 | B17: 調劑 | F17: 14 | H17: =H16-F17 -> 31
A18: 115/06/04 | B18: 調劑 | F18: 30 | H18: =H17-F18 -> 1
A19: 115/06/07 | B19: 購買 | C19: 30 | D19: M1783M3 | H19: 31 | I19: 嘉鏵CDP100000003
A20: 115/06/08 | B20: 調劑 | F20: 14 | H20: =H19-F20 -> 17
A21: 115/06/22 | B21: 調劑 | F21: 14 | H21: =H20-F21 -> 3
A22: 115/07/04 | B22: 調劑 | F22: 44 | H22: =H21-F22 -> -41
A23: 115/07/05 | B23: 購買 | C23: 100 | D23: M1791M1 | H23: 59 | I23: 嘉鏵CDP100000003
A24: 115/07/19 | B24: 調劑 | F24: 14 | H24: =H23-F24 -> 45

Sheet 17
A1: 【 醫療機構、藥局 】(第 三 級管制藥品)
A2: 藥代：MOD2 | B2: 管 制 藥 品 收 支 結 存 簿 冊 | J2: 名稱 | K2: 字號 | L2: 上期結存 | M2: 收入 | N2: 支出 | O2: 結存
A3: 藥品名稱 | B3: Modipanol 2mg | E3: 管制藥品成分及含量 | H3: Flunitrazepam 2mg | J3: =B3 -> Modipanol 2mg | K3: 37977 | L3: =H7 -> 20 | M3: =SUM(C$8:C$1048576) -> 150 | N3: =SUM(F:F) -> 84 | O3: =L3+M3-N3 -> 86
A4: 管制級別 | B4: 三 | E4: 製造廠名稱 | H4: 瑞士藥廠股份有限公司
A5: 藥品許可證字號 | C5: 衛署藥製字第037997號 | H5: 最小單位 | I5: 粒
A6: 日 期 | B6: 收支原因 | C6: 收入數量 | D6: 收入藥品批號 | F6: 支出數量 | H6: 結存數量 | I6: 備 註
A7: 115/01/01 | B7: 上期結存 | C7: 20 | H7: 20 | I7: 維元社區藥局 (BPP112000001)
A8: 115/02/24 | B8: 購買 | C8: 30 | D8: MDTB56 | H8: 50 | I8: 嘉鏵
A9: 115/02/25 | B9: 購買 | C9: 30 | D9: MDTB56 | H9: 80 | I9: 嘉鏵
A10: 115/02/28 | B10: 調劑 | F10: 42 | H10: =H9-F10 -> 38
A11: 115/03/13 | B11: 購買 | C11: 10 | D11: MDTB56 | H11: 48 | I11: 嘉鏵
A12: 115/03/21 | B12: 調劑 | F12: 42 | H12: =H11-F12 -> 6 | I12: 吳天龍
A13: 115/07/23 | B13: 購買 | C13: 80 | D13: MDTB60 | H13: 86 | I13: 嘉鏵

Sheet 18
A1: 【 醫療機構、藥局 】(第 四 級管制藥品) | J1: 大昌華嘉(ADP09400000703) | K1: 調劑 | L1: 購買
A2: 藥代：RIV1/RIVI/RIV8 | B2: 管 制 藥 品 收 支 結 存 簿 冊 | J2: 名稱 | K2: 字號 | L2: 上期結存 | M2: 收入 | N2: 支出 | O2: 結存
A3: 藥品名稱 | B3: Rivotril 0.5mg | E3: 管制藥品成分及含量 | H3: Clonazepam 0.5mg | J3: =B3 -> Rivotril 0.5mg | K3: 003077 | L3: =H7 -> 991 | M3: =SUM(C$8:C$1048576) -> 5100 | N3: =SUM(F:F) -> 3391.5 | O3: =L3+M3-N3 -> 2699.5
A4: 管制級別 | B4: 四 | E4: 製造廠名稱 | H4: 羅氏大藥廠有限股份公司
A5: 藥品許可證字號 | C5: 衛署藥輸字第003077號 | H5: 最小單位 | I5: 粒
A6: 日 期 | B6: 收支原因 | C6: 收入數量 | D6: 收入藥品批號 | F6: 支出數量 | H6: 結存數量 | I6: 備 註
A7: 115/01/01 | B7: 上期結存 | C7: 991 | H7: 991 | I7: 維元社區藥局 (BPP112000001)
A8: 115/01/01 | B8: 調劑 | F8: 15 | H8: =H7-F8 -> 976
A9: 115/01/02 | B9: 調劑 | F9: 4 | H9: =H8-F9 -> 972
A10: 115/01/03 | B10: 調劑 | F10: 14 | H10: =H9-F10 -> 958
A11: 115/01/05 | B11: 調劑 | F11: 64.5 | H11: =H10-F11 -> 893.5
A12: 115/01/08 | B12: 調劑 | F12: 15 | H12: =H11-F12 -> 878.5
A13: 115/01/09 | B13: 調劑 | F13: 28 | H13: =H12-F13 -> 850.5
A14: 115/01/13 | B14: 調劑 | F14: 14 | H14: =H13-F14 -> 836.5
A15: 115/01/15 | B15: 調劑 | F15: 1.5 | H15: =H14-F15 -> 835
A16: 115/01/16 | B16: 調劑 | F16: 14 | H16: =H15-F16 -> 821
A17: 115/01/17 | B17: 調劑 | F17: 4.5 | H17: =H16-F17 -> 816.5 | T17: 45292 | U17: 33.5 | V17: 1130101 | W17: RIVI | X17: 33.5 | Z17: =U17-X17 -> 0
A18: 115/01/19 | B18: 調劑 | F18: 46 | H18: =H17-F18 -> 770.5 | T18: 45294 | U18: =60 -> 60 | V18: 1130103 | W18: RIV1 | X18: 60 | Z18: =U18-X18 -> 0
A19: 115/01/20 | B19: 調劑 | F19: 7 | H19: =H18-F19 -> 763.5 | I19: QDA10600000101江鎰 | X19: =28+45 -> 73 | Z19: =U19-X19 -> -73
A20: 115/01/21 | B20: 調劑 | F20: 30 | H20: =H19-F20 -> 733.5 | X20: =56+227 -> 283 | Z20: =U20-X20 -> -283
A21: 115/01/22 | B21: 調劑 | F21: 31.5 | H21: =H20-F21 -> 702 | X21: 7 | Z21: =U21-X21 -> -7
A22: 115/01/23 | B22: 調劑 | F22: 30 | H22: =H21-F22 -> 672 | I22: 大昌 | X22: 56 | Z22: =U22-X22 -> -56
A23: 115/01/26 | B23: 調劑 | F23: 10 | H23: =H22-F23 -> 662 | X23: 21 | Z23: =U23-X23 -> -21
A24: 115/01/29 | B24: 調劑 | F24: 75.5 | H24: =H23-F24 -> 586.5 | X24: 65 | Z24: =U24-X24 -> -65
A25: 115/01/31 | B25: 調劑 | F25: 43.5 | H25: =H24-F25 -> 543 | X25: 60 | Z25: =U25-X25 -> -60
A26: 115/02/01 | B26: 調劑 | F26: 4 | H26: =H25-F26 -> 539 | X26: 3 | Z26: =U26-X26 -> -3
A27: 115/02/02 | B27: 調劑 | F27: 14 | H27: =H26-F27 -> 525 | X27: =28+15.5 -> 43.5 | Z27: =U27-X27 -> -43.5
A28: 115/02/03 | B28: 調劑 | F28: 4.5 | H28: =H27-F28 -> 520.5 | X28: 8.5 | Z28: =U28-X28 -> -8.5
A29: 115/02/04 | B29: 調劑 | F29: 28 | H29: =H28-F29 -> 492.5 | X29: 1.5 | Z29: =U29-X29 -> -1.5
A30: 115/02/05 | B30: 調劑 | F30: 43 | H30: =H29-F30 -> 449.5 | X30: 1.5 | Z30: =U30-X30 -> -1.5
A31: 115/02/06 | B31: 購買 | C31: 600 | D31: E3907E1 | H31: 1049.5 | I31: 江鎰 | X31: 32.5 | Z31: =U31-X31 -> -32.5
A32: 115/02/07 | B32: 調劑 | F32: 5 | H32: =H31-F32 -> 1044.5 | X32: 5 | Z32: =U32-X32 -> -5
A33: 115/02/10 | B33: 調劑 | F33: 87 | H33: =H32-F33 -> 957.5 | X33: 1.5 | Z33: =U33-X33 -> -1.5
A34: 115/02/11 | B34: 調劑 | F34: 28 | H34: =H33-F34 -> 929.5 | X34: 32.5 | Z34: =U34-X34 -> -32.5
A35: 115/02/13 | B35: 調劑 | F35: 30 | H35: =H34-F35 -> 899.5 | X35: 56 | Z35: =U35-X35 -> -56
A36: 115/02/14 | B36: 調劑 | F36: 15.5 | H36: =H35-F36 -> 884 | X36: 8 | Z36: =U36-X36 -> -8
A37: 115/02/15 | B37: 調劑 | F37: 4 | H37: =H36-F37 -> 880 | X37: 3 | Z37: =U37-X37 -> -3
A38: 115/02/16 | B38: 調劑 | F38: 2.5 | H38: =H37-F38 -> 877.5 | X38: 20 | Z38: =U38-X38 -> -20
A39: 115/02/23 | B39: 調劑 | F39: 86 | H39: =H38-F39 -> 791.5 | X39: 75.5 | Z39: =U39-X39 -> -75.5
A40: 115/02/25 | B40: 購買 | C40: 1500 | D40: E39013E1 | H40: 2291.5 | I40: 大昌ADP09400000704 | X40: 33 | Z40: =U40-X40 -> -33
A41: 115/02/28 | B41: 調劑 | F41: 43.5 | H41: =H40-F41 -> 2248 | X41: 117 | Z41: =U41-X41 -> -117
A42: 115/03/01 | B42: 調劑 | F42: 3 | H42: =H41-F42 -> 2245 | X42: 3 | Z42: =U42-X42 -> -3
A43: 115/03/02 | B43: 調劑 | F43: 85.5 | H43: =H42-F43 -> 2159.5 | X43: 34.5 | Z43: =U43-X43 -> -34.5
A44: 115/03/04 | B44: 調劑 | F44: 3 | H44: =H43-F44 -> 2156.5 | X44: 214 | Z44: =U44-X44 -> -214
A45: 115/03/05 | B45: 調劑 | F45: 1.5 | H45: =H44-F45 -> 2155 | X45: 4.5 | Z45: =U45-X45 -> -4.5
A46: 115/03/06 | B46: 調劑 | F46: 7 | H46: =H45-F46 -> 2148 | X46: 35 | Z46: =U46-X46 -> -35
A47: 115/03/07 | B47: 調劑 | F47: 16.5 | H47: =H46-F47 -> 2131.5 | X47: 11 | Z47: =U47-X47 -> -11
A48: 115/03/08 | B48: 調劑 | F48: 1.5 | H48: =H47-F48 -> 2130 | X48: 1.5 | Z48: =U48-X48 -> -1.5
A49: 115/03/09 | B49: 調劑 | F49: 3 | H49: =H48-F49 -> 2127 | X49: 6.5 | Z49: =U49-X49 -> -6.5
A50: 115/03/10 | B50: 調劑 | F50: 56 | H50: =H49-F50 -> 2071 | X50: 33 | Z50: =U50-X50 -> -33
A51: 115/03/12 | B51: 調劑 | F51: 4.5 | H51: =H50-F51 -> 2066.5 | X51: 10 | Z51: =U51-X51 -> -10
A52: 115/03/13 | B52: 調劑 | F52: 14 | H52: =H51-F52 -> 2052.5 | X52: 63 | Z52: =U52-X52 -> -63
... A69: 115/04/08 | B69: 調劑 | F69: 6.5 | H69: =H68-F69 -> 1585.5 | X69: 30 | Z69: =U69-X69 -> -30
A70: 115/04/09 | B70: 調劑 | F70: 14 | H70: =H69-F70 -> 1571.5 | X70: 32.5 | Z70: =U70-X70 -> -32.5 | AB70: 30
A71: 115/04/10 | B71: 調劑 | F71: 43 | H71: =H70-F71 -> 1528.5 | X71: 34.5 | Z71: =U71-X71 -> -34.5 | AB71: 32.5
A72: 115/04/11 | B72: 調劑 | F72: 5.5 | H72: =H71-F72 -> 1523 | X72: 1.5 | Z72: =U72-X72 -> -1.5 | AB72: 34.5
A73: 115/04/12 | B73: 調劑 | F73: 5 | H73: =H72-F73 -> 1518 | X73: 28 | Z73: =U73-X73 -> -28 | AB73: 1.5
A74: 115/04/13 | B74: 調劑 | F74: 18.5 | H74: =H73-F74 -> 1499.5 | X74: 56 | Z74: =U74-X74 -> -56 | AB74: 28
A75: 115/04/14 | B75: 調劑 | F75: 60 | H75: =H74-F75 -> 1439.5 | X75: 31 | Z75: =U75-X75 -> -31 | AB75: 56
A76: 115/04/15 | B76: 調劑 | F76: 1.5 | H76: =H75-F76 -> 1438 | X76: 6 | Z76: =U76-X76 -> -6 | AB76: 31
A77: 115/04/16 | B77: 調劑 | F77: 3 | H77: =H76-F77 -> 1435
A78: 115/04/21 | B78: 調劑 | F78: 3 | H78: =H77-F78 -> 1432 | X78: 34.5 | Z78: =U78-X78 -> -34.5 | AB78: 6
A79: 115/04/22 | B79: 調劑 | F79: 33 | H79: =H78-F79 -> 1399 | X79: 1.5 | Z79: =U79-X79 -> -1.5 | AB79: 34.5
A80: 115/04/23 | B80: 調劑 | F80: 31.5 | H80: =H79-F80 -> 1367.5 | X80: 3.5 | Z80: =U80-X80 -> -3.5 | AB80: 1.5
A81: 115/04/24 | B81: 調劑 | F81: 14 | H81: =H80-F81 -> 1353.5 | X81: 1.5 | Z81: =U81-X81 -> -1.5 | AB81: 3.5
A82: 115/04/25 | B82: 調劑 | F82: 30 | H82: =H81-F82 -> 1323.5 | X82: 31.5 | Z82: =U82-X82 -> -31.5 | AB82: 1.5
A83: 115/04/26 | B83: 調劑 | F83: 14 | H83: =H82-F83 -> 1309.5 | X83: 169.5 | Z83: =U83-X83 -> -169.5 | AB83: 31.5
A84: 115/04/27 | B84: 購買 | C84: 1500 | D84: E3970E1 | H84: 2809.5 | I84: 大昌華嘉 | X84: 38.5 | Z84: =U84-X84 -> -38.5 | AB84: 169.5
A85: 115/04/27 | B85: 調劑 | F85: 70 | H85: =H84-F85 -> 2739.5 | X85: 31.5 | Z85: =U85-X85 -> -31.5 | AB85: 38.5
A86: 115/04/28 | B86: 調劑 | F86: 33 | H86: =H85-F86 -> 2706.5 | X86: 16.5 | Z86: =U86-X86 -> -16.5 | AB86: 31.5
A87: 115/04/29 | B87: 調劑 | F87: 3 | H87: =H86-F87 -> 2703.5 | X87: 3 | Z87: =U87-X87 -> -3 | AB87: 16.5
A88: 115/04/30 | B88: 調劑 | F88: 1.5 | H88: =H87-F88 -> 2702 | X88: 3 | Z88: =U88-X88 -> -3 | AB88: 3
A89: 115/05/02 | B89: 調劑 | F89: 56 | H89: =H88-F89 -> 2646
A90: 115/05/04 | B90: 調劑 | F90: 38 | H90: =H89-F90 -> 2608 | X90: 89 | Z90: =U90-X90 -> -89 | AB90: 3
A91: 115/05/06 | B91: 調劑 | F91: 14 | H91: =H90-F91 -> 2594 | X91: 1.5 | Z91: =U91-X91 -> -1.5 | AB91: 89
A92: 115/05/07 | B92: 調劑 | F92: 31 | H92: =H91-F92 -> 2563 | X92: 56 | Z92: =U92-X92 -> -56 | AB92: 1.5
A93: 115/05/09 | B93: 調劑 | F93: 56 | H93: =H92-F93 -> 2507 | X93: 102.5 | Z93: =U93-X93 -> -102.5 | AB93: 56
A94: 115/05/10 | B94: 調劑 | F94: 4 | H94: =H93-F94 -> 2503 | X94: 1.5 | Z94: =U94-X94 -> -1.5 | AB94: 102.5
A95: 115/05/11 | B95: 調劑 | F95: 30.5 | H95: =H94-F95 -> 2472.5 | X95: 33 | Z95: =U95-X95 -> -33 | AB95: 1.5
A96: 115/05/12 | B96: 調劑 | F96: 10 | H96: =H95-F96 -> 2462.5 | X96: 90.5 | Z96: =U96-X96 -> -90.5 | AB96: 33
A97: 115/05/15 | B97: 調劑 | F97: 18.5 | H97: =H96-F97 -> 2444 | X97: 56 | Z97: =U97-X97 -> -56 | AB97: 90.5
A98: 115/05/18 | B98: 調劑 | F98: 33 | H98: =H97-F98 -> 2411 | I98: 大昌ADP09400000704 | X98: 58 | Z98: =U98-X98 -> -58 | AB98: 56
A99: 115/05/19 | B99: 調劑 | F99: 30 | H99: =H98-F99 -> 2381 | X99: 3.5 | Z99: =U99-X99 -> -3.5 | AB99: 58
A100: 115/05/20 | B100: 調劑 | F100: 56 | H100: =H99-F100 -> 2325 | X100: 6 | Z100: =U100-X100 -> -6 | AB100: 3.5
A101: 115/05/22 | B101: 調劑 | F101: 33 | H101: =H100-F101 -> 2292 | X101: 7.5 | Z101: =U101-X101 -> -7.5 | AB101: 6
A102: 115/05/24 | B102: 調劑 | F102: 60 | H102: =H101-F102 -> 2232 | X102: 1.5 | Z102: =U102-X102 -> -1.5 | AB102: 7.5
A103: 115/05/25 | B103: 調劑 | F103: 28 | H103: =H102-F103 -> 2204 | X103: 60.5 | Z103: =U103-X103 -> -60.5 | AB103: 1.5
A104: 115/05/27 | B104: 調劑 | F104: 1.5 | H104: =H103-F104 -> 2202.5 | X104: 3 | Z104: =U104-X104 -> -3 | AB104: 60.5
A105: 115/05/28 | B105: 調劑 | F105: 1.5 | H105: =H104-F105 -> 2201 | X105: 35 | Z105: =U105-X105 -> -35 | AB105: 3
A106: 115/05/29 | B106: 調劑 | F106: 4.5 | H106: =H105-F106 -> 2196.5 | X106: 91 | Z106: =U106-X106 -> -91 | AB106: 35
A107: 115/05/30 | B107: 調劑 | F107: 30 | H107: =H106-F107 -> 2166.5 | X107: 7 | Z107: =U107-X107 -> -7 | AB107: 91
A108: 115/05/31 | B108: 調劑 | F108: 3 | H108: =H107-F108 -> 2163.5 | X108: 3 | Z108: =U108-X108 -> -3 | AB108: 7
A109: 115/06/02 | B109: 調劑 | F109: 7 | H109: =H108-F109 -> 2156.5 | X109: 15 | Z109: =U109-X109 -> -15 | AB109: 3
A110: 115/06/04 | B110: 調劑 | F110: 59 | H110: =H109-F110 -> 2097.5 | X110: 1.5 | Z110: =U110-X110 -> -1.5 | AB110: 15
... A139: 115/07/19 | B139: 調劑 | F139: 52 | H139: =H138-F139 -> 1301.5 | X139: 1.5 | Z139: =U139-X139 -> -1.5 | AB139: 32.5
A140: 115/07/20 | B140: 購買 | C140: 1500 | D140: E3992E1 | H140: 2801.5 | I140: 大昌 | X140: 6.5 | Z140: =U140-X140 -> -6.5 | AB140: 1.5
A141: 115/07/21 | B141: 調劑 | F141: 84 | H141: =H140-F141 -> 2717.5 | X141: 18.5 | Z141: =U141-X141 -> -18.5 | AB141: 6.5
A142: 115/07/22 | B142: 調劑 | F142: 15 | H142: =H141-F142 -> 2702.5 | X142: 31 | Z142: =U142-X142 -> -31 | AB142: 18.5
A143: 115/07/23 | B143: 調劑 | F143: 3 | H143: =H142-F143 -> 2699.5 | X143: 58.5 | Z143: =U143-X143 -> -58.5 | AB143: 31
X144: 4 | Z144: =U144-X144 -> -4 | AB144: 58.5
...

Sheet 19
A1: 【 醫療機構、藥局 】(第 四 級管制藥品) | J1: 大昌華嘉ADP09400000703 | K1: 調劑 | L1: 購買
A2: 藥代：STI1/STI3/ STI4 | B2: 管 制 藥 品 收 支 結 存 簿 冊 | J2: 名稱 | K2: 字號 | L2: 上期結存 | M2: 收入 | N2: 支出 | O2: 結存
A3: 藥品名稱 | B3: Stilnox 10mg | E3: 管制藥品成分及含量 | H3: Zolpidem 10mg | J3: =B3 -> Stilnox 10mg | K3: 021531 | L3: =H7 -> 505.5 | M3: =SUM(C$8:C$1048576) -> 3024 | N3: =SUM(F:F) -> 1760 | O3: =L3+M3-N3 -> 1769.5
A4: 管制級別 | B4: 四 | E4: 製造廠名稱 | H4: 台灣安斯泰來製藥股份有限公司
A5: 藥品許可證字號 | C5: 衛署藥輸字第021531號 | H5: 最小單位 | I5: 粒
A6: 日 期 | B6: 收支原因 | C6: 收入數量 | D6: 收入藥品批號 | F6: 支出數量 | H6: 結存數量 | I6: 備 註
A7: 115/01/01 | B7: 上期結存 | C7: 505.5 | H7: 505.5 | I7: 維元社區藥局 (BPP112000001)
A8: 115/01/01 | B8: 調劑 | F8: 30 | H8: =H7-F8 -> 475.5
A9: 115/01/03 | B9: 調劑 | F9: 14 | H9: =H8-F9 -> 461.5
A10: 115/01/05 | B10: 調劑 | F10: 30 | H10: =H9-F10 -> 431.5
A11: 115/01/07 | B11: 調劑 | F11: 28 | H11: =H10-F11 -> 403.5
A12: 115/01/08 | B12: 購買 | C12: 1512 | D12: LT0509 | H12: 1915.5 | I12: 大昌
A13: 115/01/13 | B13: 調劑 | F13: 56 | H13: =H12-F13 -> 1859.5
A14: 115/01/15 | B14: 調劑 | F14: 28 | H14: =H13-F14 -> 1831.5
A15: 115/01/19 | B15: 調劑 | F15: 14 | H15: =H14-F15 -> 1817.5
A16: 115/02/01 | B16: 調劑 | F16: 30 | H16: =H15-F16 -> 1787.5
A17: 115/02/02 | B17: 調劑 | F17: 14 | H17: =H16-F17 -> 1773.5
A18: 115/02/03 | B18: 調劑 | F18: 30 | H18: =H17-F18 -> 1743.5
A19: 115/02/04 | B19: 調劑 | F19: 58 | H19: =H18-F19 -> 1685.5 | I19: 大昌華嘉ADP09400000704
A20: 115/02/14 | B20: 調劑 | F20: 42 | H20: =H19-F20 -> 1643.5
A21: 115/02/24 | B21: 調劑 | F21: 35 | H21: =H20-F21 -> 1608.5
A22: 115/02/25 | B22: 調劑 | F22: 30 | H22: =H21-F22 -> 1578.5
A23: 115/02/28 | B23: 調劑 | F23: 7 | H23: =H22-F23 -> 1571.5
A24: 115/03/01 | B24: 調劑 | F24: 30 | H24: =H23-F24 -> 1541.5
A25: 115/03/02 | B25: 調劑 | F25: 14 | H25: =H24-F25 -> 1527.5
A26: 115/03/05 | B26: 調劑 | F26: 28 | H26: =H25-F26 -> 1499.5
A27: 115/03/06 | B27: 調劑 | F27: 30 | H27: =H26-F27 -> 1469.5
A28: 115/03/10 | B28: 調劑 | F28: 15 | H28: =H27-F28 -> 1454.5
A29: 115/03/11 | B29: 調劑 | F29: 56 | H29: =H28-F29 -> 1398.5
A30: 115/03/13 | B30: 調劑 | F30: 30 | H30: =H29-F30 -> 1368.5
A31: 115/03/15 | B31: 調劑 | F31: 28 | H31: =H30-F31 -> 1340.5
... A46: 115/05/06 | B46: 調劑 | F46: 30 | H46: =H45-F46 -> 959.5
A47: 115/05/06 | B47: 購買 | C47: 1512 | D47: LT1177 | H47: 2471.5 | I47: 大昌ADP09400000704
A48: 115/05/07 | B48: 調劑 | F48: 28 | H48: =H47-F48 -> 2443.5
A49: 115/05/11 | B49: 調劑 | F49: 14 | H49: =H48-F49 -> 2429.5
A50: 115/05/15 | B50: 調劑 | F50: 28 | H50: =H49-F50 -> 2401.5
A51: 115/05/19 | B51: 調劑 | F51: 30 | H51: =H50-F51 -> 2371.5
A52: 115/05/25 | B52: 調劑 | F52: 14 | H52: =H51-F52 -> 2357.5
A53: 115/06/01 | B53: 調劑 | F53: 114 | H53: =H52-F53 -> 2243.5
A54: 115/06/03 | B54: 調劑 | F54: 30 | H54: =H53-F54 -> 2213.5
A55: 115/06/06 | B55: 調劑 | F55: 30 | H55: =H54-F55 -> 2183.5
A56: 115/06/08 | B56: 調劑 | F56: 14 | H56: =H55-F56 -> 2169.5
A57: 115/06/12 | B57: 調劑 | F57: 28 | H57: =H56-F57 -> 2141.5
A58: 115/06/16 | B58: 調劑 | F58: 30 | H58: =H57-F58 -> 2111.5
A59: 115/06/22 | B59: 調劑 | F59: 14 | H59: =H58-F59 -> 2097.5
... A65: 115/07/08 | B65: 調劑 | F65: 42 | H65: =H64-F65 -> 1897.5
A66: 115/07/14 | B66: 調劑 | F66: 56 | H66: =H65-F66 -> 1841.5 | I66: 大昌華嘉ADP09400000703
A67: 115/07/15 | B67: 調劑 | F67: 28 | H67: =H66-F67 -> 1813.5
A68: 115/07/19 | B68: 調劑 | F68: 14 | H68: =H67-F68 -> 1799.5
A69: 115/07/21 | B69: 調劑 | F69: 30 | H69: =H68-F69 -> 1769.5
I106: 大昌華嘉ADP09400000703
I110: 替代ZOL5

Sheet 20
A1: 【 醫療機構、藥局 】(第 四 級管制藥品)
A2: 藥代：ULTR | B2: 管 制 藥 品 收 支 結 存 簿 冊 | J2: 名稱 | K2: 字號 | L2: 上期結存 | M2: 收入 | N2: 支出 | O2: 結存
A3: 藥品名稱 | B3: Ultracet 37.5mg | E3: 管制藥品成分及含量 | H3: Tramadol 37.5mg / Acetaminophen 325mg | J3: =B3 -> Ultracet 37.5mg | K3: 023917 | L3: 0 | M3: =SUM(C:C) -> 0 | N3: =SUM(F:F) -> 0 | O3: =L3+M3-N3 -> 0
A4: 管制級別 | B4: 四 | E4: 製造廠名稱 | H4: 嬌生股份有限公司
A5: 藥品許可證字號 | C5: 衛署藥輸字第023917號 | H5: 最小單位 | I5: 粒
A6: 日 期 | B6: 收支原因 | C6: 收入數量 | D6: 收入藥品批號 | F6: 支出數量 | H6: 結存數量 | I6: 備 註
A7: 115/01/01 | B7: 上期結存 | C7: 0 | H7: 0

Sheet 21
A1: 【 醫療機構、藥局 】(第 四 級管制藥品)
A2: 藥代：XAN1/XAN2 | B2: 管 制 藥 品 收 支 結 存 簿 冊 | J2: 名稱 | K2: 字號 | L2: 上期結存 | M2: 收入 | N2: 支出 | O2: 結存
A3: 藥品名稱 | B3: Xanax 0.5mg | E3: 管制藥品成分及含量 | H3: Alprazolam 0.5mg | J3: =B3 -> Xanax 0.5mg | K3: 021140 | L3: =H7 -> 1402 | M3: =SUM(C$8:C$1048576) -> 3000 | N3: =SUM(F:F) -> 2951 | O3: =L3+M3-N3 -> 1451
A4: 管制級別 | B4: 四 | E4: 製造廠名稱 | H4: 暉致醫藥股份有限公司
A5: 藥品許可證字號 | C5: 衛署藥輸字第021140號 | H5: 最小單位 | I5: 粒
A6: 日 期 | B6: 收支原因 | C6: 收入數量 | D6: 收入藥品批號 | F6: 支出數量 | H6: 結存數量 | I6: 備 註
A7: 115/01/01 | B7: 上期結存 | C7: 1402 | H7: 1402 | I7: 維元社區藥局 (BPP112000001) | Q7: 使用日期 | R7: 藥代 | S7: 消耗量
A8: 115/01/03 | B8: 調劑 | F8: 3 | H8: =H7-F8 -> 1399
A9: 115/01/05 | B9: 調劑 | F9: 56 | H9: =H8-F9 -> 1343
A10: 115/01/06 | B10: 調劑 | F10: 56 | H10: =H9-F10 -> 1287
A11: 115/01/07 | B11: 調劑 | F11: 30 | H11: =H10-F11 -> 1257
A12: 115/01/08 | B12: 調劑 | F12: 56 | H12: =H11-F12 -> 1201
A13: 115/01/13 | B13: 調劑 | F13: 59 | H13: =H12-F13 -> 1142
A14: 115/01/14 | B14: 調劑 | F14: 61 | H14: =H13-F14 -> 1081
A15: 115/01/22 | B15: 調劑 | F15: 56 | H15: =H14-F15 -> 1025
A16: 115/01/23 | B16: 調劑 | F16: 58 | H16: =H15-F16 -> 967
A17: 115/01/28 | B17: 調劑 | F17: 14 | H17: =H16-F17 -> 953
A18: 115/01/30 | B18: 調劑 | F18: 28 | H18: =H17-F18 -> 925
A19: 115/02/04 | B19: 調劑 | F19: 30 | H19: =H18-F19 -> 895
... A28: 115/02/25 | B28: 調劑 | F28: 30 | H28: =H27-F28 -> 515
A29: 115/02/25 | B29: 購買 | C29: 1500 | D29: MT3220 | H29: 2015 | I29: 久裕CDP10300000803
A30: 115/02/26 | B30: 調劑 | F30: 3 | H30: =H29-F30 -> 2012
A31: 115/03/03 | B31: 調劑 | F31: 56 | H31: =H30-F31 -> 1956
A32: 115/03/06 | B32: 調劑 | F32: 61 | H32: =H31-F32 -> 1895
A33: 115/03/10 | B33: 調劑 | F33: 30 | H33: =H32-F33 -> 1865
A34: 115/03/11 | B34: 調劑 | F34: 84 | H34: =H33-F34 -> 1781
A35: 115/03/12 | B35: 調劑 | F35: 56 | H35: =H34-F35 -> 1725
A36: 115/03/13 | B36: 調劑 | F36: 59 | H36: =H35-F36 -> 1666
A37: 115/03/19 | B37: 調劑 | F37: 30 | H37: =H36-F37 -> 1636
A38: 115/03/21 | B38: 調劑 | F38: 86 | H38: =H37-F38 -> 1550
A39: 115/03/23 | B39: 調劑 | F39: 42 | H39: =H38-F39 -> 1508
A40: 115/03/24 | B40: 調劑 | F40: 59 | H40: =H39-F40 -> 1449
A41: 115/03/31 | B41: 調劑 | F41: 6 | H41: =H40-F41 -> 1443
... A45: 115/04/13 | B45: 調劑 | F45: 30 | H45: =H44-F45 -> 1242
A46: 115/04/17 | B46: 調劑 | F46: 56 | H46: =H45-F46 -> 1186 | I46: 久裕CDP10300000803
A47: 115/04/28 | B47: 調劑 | F47: 28 | H47: =H46-F47 -> 1158
A48: 115/04/29 | B48: 調劑 | F48: 56 | H48: =H47-F48 -> 1102
A49: 115/05/01 | B49: 調劑 | F49: 30 | H49: =H48-F49 -> 1072
A50: 115/05/07 | B50: 調劑 | F50: 56 | H50: =H49-F50 -> 1016
A51: 115/05/09 | B51: 調劑 | F51: 56 | H51: =H50-F51 -> 960
A52: 115/05/11 | B52: 調劑 | F52: 56 | H52: =H51-F52 -> 904
A53: 115/05/16 | B53: 調劑 | F53: 30 | H53: =H52-F53 -> 874
A54: 115/05/18 | B54: 調劑 | F54: 7 | H54: =H53-F54 -> 867
A55: 115/05/20 | B55: 調劑 | F55: 56 | H55: =H54-F55 -> 811
A56: 115/05/22 | B56: 調劑 | F56: 56 | H56: =H55-F56 -> 755
A57: 115/05/26 | B57: 購買 | C57: 1500 | D57: MT3221 | H57: 2255 | I57: 久裕CDP10300000803
A58: 115/05/29 | B58: 調劑 | F58: 30 | H58: =H57-F58 -> 2225
A59: 115/06/01 | B59: 調劑 | F59: 84 | H59: =H58-F59 -> 2141
A60: 115/06/02 | B60: 調劑 | F60: 56 | H60: =H59-F60 -> 2085
A61: 115/06/03 | B61: 調劑 | F61: 30 | H61: =H60-F61 -> 2055
A62: 115/06/04 | B62: 調劑 | F62: 7 | H62: =H61-F62 -> 2048
A63: 115/06/05 | B63: 調劑 | F63: 28 | H63: =H62-F63 -> 2020
A64: 115/06/11 | B64: 調劑 | F64: 56 | H64: =H63-F64 -> 1964
A65: 115/06/13 | B65: 調劑 | F65: 56 | H65: =H64-F65 -> 1908
A66: 115/06/18 | B66: 調劑 | F66: 30 | H66: =H65-F66 -> 1878
A67: 115/06/25 | B67: 調劑 | F67: 56 | H67: =H66-F67 -> 1822
A68: 115/06/26 | B68: 調劑 | F68: 59 | H68: =H67-F68 -> 1763
A69: 115/06/27 | B69: 調劑 | F69: 56 | H69: =H68-F69 -> 1707
... A76: 115/07/23 | B76: 調劑 | F76: 28 | H76: =H75-F76 -> 1451
I79: 久裕CDP10300000803

Sheet 22
A1: 【 醫療機構、藥局 】(第 四 級管制藥品)
A2: 藥代：APO0 | B2: 管 制 藥 品 收 支 結 存 簿 冊 | J2: 名稱 | K2: 字號 | L2: 上期結存 | M2: 收入 | N2: 支出 | O2: 結存
A3: 藥品名稱 | B3: Apo-Tramadol 37.5mg/ 325mg | E3: 管制藥品成分及含量 | H3: Tramadol 37.5mg / Acetaminophen 325mg | J3: =B3 -> Apo-Tramadol 37.5mg/ 325mg | K3: 025452 | L3: =H7 -> 140 | M3: =SUM(C$8:C$1048576) -> 800 | N3: =SUM(F:F) -> 956 | O3: =L3+M3-N3 -> -16
A4: 管制級別 | B4: 四 | E4: 製造廠名稱 | H4: 鴻汶醫藥實業有限公司
A5: 藥品許可證字號 | C5: 衛署藥輸字第025452號 | H5: 最小單位 | I5: 粒
A6: 日 期 | B6: 收支原因 | C6: 收入數量 | D6: 收入藥品批號 | F6: 支出數量 | H6: 結存數量 | I6: 備 註
A7: 115/01/01 | B7: 上期結存 | C7: 140 | H7: 140 | I7: 維元社區藥局 (BPP112000001)
A8: 115/01/04 | B8: 購買 | C8: 200 | D8: VJ0629 | H8: 340 | I8: 嘉鏵CDP100000003
A9: 115/01/14 | B9: 調劑 | F9: 56 | H9: =H8-F9 -> 284
A10: 115/01/15 | B10: 調劑 | F10: 56 | H10: =H9-F10 -> 228
A11: 115/01/31 | B11: 調劑 | F11: 12 | H11: =H10-F11 -> 216 | I11: 嘉鏵CDP100000003
A12: 115/02/06 | B12: 調劑 | F12: 56 | H12: =H11-F12 -> 160
A13: 115/02/07 | B13: 調劑 | F13: 56 | H13: =H12-F13 -> 104
A14: 115/02/25 | B14: 購買 | D14: VJ0630 | H14: 304 | I14: 嘉鏵CDP100000003
A15: 115/03/13 | B15: 調劑 | F15: 56 | H15: =H14-F15 -> 248
A16: 115/03/14 | B16: 調劑 | F16: 12 | H16: =H15-F16 -> 236 | I16: 嘉鏵
A17: 115/03/28 | B17: 調劑 | F17: 12 | H17: =H16-F17 -> 224
A18: 115/04/09 | B18: 調劑 | F18: 112 | H18: =H17-F18 -> 112
A19: 115/04/22 | B19: 購買 | C19: 400 | D19: VJ4597 | H19: 512 | I19: 嘉鏵CDP100000003
A20: 115/04/27 | B20: 調劑 | F20: 56 | H20: =H19-F20 -> 456
A21: 115/05/02 | B21: 調劑 | F21: 56 | H21: =H20-F21 -> 400
A22: 115/05/09 | B22: 調劑 | F22: 68 | H22: =H21-F22 -> 332 | I22: 嘉鏵CDP100000003
A23: 115/05/20 | B23: 調劑 | F23: 56 | H23: =H22-F23 -> 276 | I23: 嘉鏵
A24: 115/06/08 | B24: 調劑 | F24: 56 | H24: =H23-F24 -> 220
A25: 115/06/13 | B25: 調劑 | F25: 56 | H25: =H24-F25 -> 164
A26: 115/06/27 | B26: 調劑 | F26: 56 | H26: =H25-F26 -> 108
A27: 115/07/05 | B27: 購買 | C27: 200 | D27: VR4858 | H27: 308 | I27: 嘉鏵CDP100000003
A28: 115/07/18 | B28: 調劑 | F28: 12 | H28: =H27-F28 -> 296
A29: 115/07/22 | B29: 調劑 | F29: 112 | H29: =H28-F29 -> 184
I30: 嘉鏵
I31: 嘉鏵
I32: 嘉鏵
I37: 嘉鏵

Sheet 23
A1: 【 醫療機構、藥局 】(第 四 級管制藥品) | J1: 大昌華嘉(ADP09400000703) | K1: 調劑 | L1: 購買
A2: 藥代：RIV3/RIV5 | B2: 管 制 藥 品 收 支 結 存 簿 冊 | J2: 名稱 | K2: 字號 | L2: 上期結存 | M2: 收入 | N2: 支出 | O2: 結存
A3: 藥品名稱 | B3: Rivotril 2mg | E3: 管制藥品成分及含量 | H3: Clonazepam 2mg | J3: =B3 -> Rivotril 2mg | K3: 003078 | L3: =H7 -> 206.5 | M3: =SUM(C$8:C$1048576) -> 1200 | N3: =SUM(F:F) -> 664 | O3: =L3+M3-N3 -> 742.5
A4: 管制級別 | B4: 四 | E4: 製造廠名稱 | H4: 羅氏大製藥有限股份公司
A5: 藥品許可證字號 | C5: 衛署藥輸字第003078號 | H5: 最小單位 | I5: 粒
A6: 日 期 | B6: 收支原因 | C6: 收入數量 | D6: 收入藥品批號 | F6: 支出數量 | H6: 結存數量 | I6: 備 註
A7: 115/01/01 | B7: 上期結存 | C7: 206.5 | H7: 206.5 | I7: 維元社區藥局 (BPP103000001)
A8: 115/1/14 | B8: 調劑 | F8: 28 | H8: =H7-F8 -> 178.5
A9: 115/01/21 | B9: 調劑 | F9: 28 | H9: =H8-F9 -> 150.5 | I9: 大昌
A10: 115/01/30 | B10: 調劑 | F10: 14 | H10: =H9-F10 -> 136.5
A11: 115/02/07 | B11: 調劑 | F11: 47 | H11: =H10-F11 -> 89.5
A12: 115/02/13 | B12: 調劑 | F12: 28 | H12: =H11-F12 -> 61.5
A13: 115/02/25 | B13: 購買 | C13: 600 | D13: E2747E1 | H13: 661.5 | I13: 大昌ADP09400000704
A14: 115/03/06 | B14: 調劑 | F14: 14 | H14: =H13-F14 -> 647.5
A15: 115/03/13 | B15: 調劑 | F15: 75 | H15: =H14-F15 -> 572.5
A16: 115/03/23 | B16: 調劑 | F16: 14 | H16: =H15-F16 -> 558.5
A17: 115/03/24 | B17: 調劑 | F17: 28 | H17: =H16-F17 -> 530.5
A18: 115/04/09 | B18: 調劑 | F18: 28 | H18: =H17-F18 -> 502.5
A19: 115/04/26 | B19: 調劑 | F19: 56 | H19: =H18-F19 -> 446.5
A20: 115/04/27 | B20: 購買 | C20: 600 | D20: E2754E1 | H20: =H19+C20 -> 1046.5 | I20: 大昌華嘉
A21: 115/04/28 | B21: 調劑 | F21: 14 | H21: =H20-F21 -> 1032.5
A22: 115/05/13 | B22: 調劑 | F22: 28 | H22: =H21-F22 -> 1004.5
A23: 115/05/15 | B23: 調劑 | F23: 28 | H23: =H22-F23 -> 976.5
A24: 115/06/01 | B24: 調劑 | F24: 14 | H24: =H23-F24 -> 962.5
A25: 115/06/02 | B25: 調劑 | F25: 47 | H25: =H24-F25 -> 915.5
A26: 115/06/10 | B26: 調劑 | F26: 28 | H26: =H25-F26 -> 887.5
A27: 115/06/26 | B27: 調劑 | F27: 47 | H27: =H26-F27 -> 840.5
A28: 115/07/08 | B28: 調劑 | F28: 28 | H28: =H27-F28 -> 812.5
A29: 115/07/13 | B29: 調劑 | F29: 28 | H29: =H28-F29 -> 784.5
A30: 115/07/14 | B30: 調劑 | F30: 28 | H30: =H29-F30 -> 756.5
A31: 115/07/23 | B31: 調劑 | F31: 14 | H31: =H30-F31 -> 742.5

Sheet 24
A1: 【 醫療機構、藥局 】(第 四 級管制藥品) | J1: 嘉鏵CDP100000003 | K1: 江鎰(QDA10600000101) | L1: 調劑 | M1: 購買
A2: 藥代： IMO2/IMO3 | B2: 管 制 藥 品 收 支 結 存 簿 冊 | J2: 名稱 | K2: 字號 | L2: 上期結存 | M2: 收入 | N2: 支出 | O2: 結存
A3: 藥品名稱 | B3: Imovane 7.5mg | E3: 管制藥品成分及含量 | H3: Zopiclone 7.5mg | J3: =B3 -> Imovane 7.5mg | K3: 018158 | L3: =H7 -> 323 | M3: =SUM(C$8:C$1048576) -> 1680 | N3: =SUM(F:F) -> 1566.5 | O3: =L3+M3-N3 -> 436.5
A4: 管制級別 | B4: 四 | E4: 製造廠名稱 | H4: 賽諾菲股份有限公司
A5: 藥品許可證字號 | C5: 衛署藥輸字第018158號 | H5: 最小單位 | I5: 粒
A6: 日 期 | B6: 收支原因 | C6: 收入數量 | D6: 收入藥品批號 | F6: 支出數量 | H6: 結存數量 | I6: 備 註
A7: 115/01/01 | B7: 上期結存 | C7: 323 | H7: 323 | I7: 維元社區藥局 (BPP112000001)
A8: 115/01/01 | B8: 調劑 | F8: 30 | H8: =H7-F8 -> 293
A9: 115/01/02 | B9: 調劑 | F9: 30 | H9: =H8-F9 -> 263
A10: 115/01/05 | B10: 調劑 | F10: 28 | H10: =H9-F10 -> 235
A11: 115/01/07 | B11: 調劑 | F11: 28 | H11: =H10-F11 -> 207
A12: 115/01/09 | B12: 調劑 | F12: 28 | H12: =H11-F12 -> 179
A13: 115/01/10 | B13: 購買 | C13: 280 | D13: 5M96D | H13: 459 | I13: QDA10600000101 江鎰
A14: 115/01/19 | B14: 調劑 | F14: 30 | H14: =H13-F14 -> 429
A15: 115/01/30 | B15: 調劑 | F15: 58 | H15: =H14-F15 -> 371
A16: 115/02/02 | B16: 調劑 | F16: 30 | H16: =H15-F16 -> 341
A17: 115/02/03 | B17: 調劑 | F17: 28 | H17: =H16-F17 -> 313
A18: 115/02/05 | B18: 調劑 | F18: 28 | H18: =H17-F18 -> 285
A19: 115/02/21 | B19: 調劑 | F19: 28 | H19: =H18-F19 -> 257
A20: 115/03/02 | B20: 調劑 | F20: 60 | H20: =H19-F20 -> 197
A21: 115/03/04 | B21: 調劑 | F21: 56 | H21: =H20-F21 -> 141
A22: 115/03/06 | B22: 購買 | C22: 280 | D22: 5PX2D | H22: 421 | I22: 嘉鏵
A23: 115/03/11 | B23: 調劑 | F23: 30 | H23: =H22-F23 -> 391
A24: 115/03/13 | B24: 調劑 | F24: 14 | H24: =H23-F24 -> 377
A25: 115/03/18 | B25: 調劑 | F25: 56 | H25: =H24-F25 -> 321
A26: 115/03/24 | B26: 調劑 | F26: 14 | H26: =H25-F26 -> 307
A27: 115/03/26 | B27: 調劑 | F27: 42 | H27: =H26-F27 -> 265
A28: 115/03/28 | B28: 調劑 | F28: 30 | H28: =H27-F28 -> 235
A29: 115/03/30 | B29: 調劑 | F29: 58 | H29: =H28-F29 -> 177 | I29: 嘉鏵
A30: 115/04/01 | B30: 調劑 | F30: 58 | H30: =H29-F30 -> 119
A31: 115/04/02 | B31: 調劑 | F31: 28 | H31: =H30-F31 -> 91
A32: 115/04/07 | B32: 購買 | C32: 280 | D32: 5PX2D | H32: 371 | I32: 嘉鏵
A33: 115/04/14 | B33: 調劑 | F33: 56 | H33: =H32-F33 -> 315
A34: 115/04/16 | B34: 調劑 | F34: 28 | H34: =H33-F34 -> 287
A35: 115/04/22 | B35: 調劑 | F35: 1.5 | H35: =H34-F35 -> 285.5
A36: 115/04/24 | B36: 調劑 | F36: 3 | H36: =H35-F36 -> 282.5 | I36: 嘉鏵
A37: 115/04/30 | B37: 調劑 | F37: 28 | H37: =H36-F37 -> 254.5
A38: 115/05/01 | B38: 調劑 | F38: 30 | H38: =H37-F38 -> 224.5
A39: 115/05/03 | B39: 購買 | C39: 280 | D39: 5PX2G | H39: 504.5 | I39: 嘉鏵CDP100000003
A40: 115/05/04 | B40: 調劑 | F40: 7 | H40: =H39-F40 -> 497.5
A41: 115/05/09 | B41: 調劑 | F41: 56 | H41: =H40-F41 -> 441.5
A42: 115/05/14 | B42: 調劑 | F42: 21 | H42: =H41-F42 -> 420.5
A43: 115/05/22 | B43: 調劑 | F43: 28 | H43: =H42-F43 -> 392.5
A44: 115/05/23 | B44: 調劑 | F44: 28 | H44: =H43-F44 -> 364.5
A45: 115/05/28 | B45: 調劑 | F45: 30 | H45: =H44-F45 -> 334.5
A46: 115/05/30 | B46: 調劑 | F46: 28 | H46: =H45-F46 -> 306.5 | I46: 嘉鏵
A47: 115/06/01 | B47: 調劑 | F47: 30 | H47: =H46-F47 -> 276.5
A48: 115/06/02 | B48: 調劑 | F48: 58 | H48: =H47-F48 -> 218.5
A49: 115/06/06 | B49: 購買 | C49: 280 | D49: 5PX2G | H49: 498.5 | I49: 江鎰
A50: 115/06/08 | B50: 調劑 | F50: 30 | H50: =H49-F50 -> 468.5
A51: 115/06/10 | B51: 調劑 | F51: 28 | H51: =H50-F51 -> 440.5
A52: 115/06/12 | B52: 調劑 | F52: 56 | H52: =H51-F52 -> 384.5
A53: 115/06/20 | B53: 調劑 | F53: 28 | H53: =H52-F53 -> 356.5
A54: 115/06/29 | B54: 調劑 | F54: 28 | H54: =H53-F54 -> 328.5
A55: 115/07/01 | B55: 調劑 | F55: 58 | H55: =H54-F55 -> 270.5
A56: 115/07/02 | B56: 調劑 | F56: 30 | H56: =H55-F56 -> 240.5
A57: 115/07/08 | B57: 調劑 | F57: 56 | H57: =H56-F57 -> 184.5
A58: 115/07/09 | B58: 購買 | C58: 280 | D58: 5TM3C | H58: 464.5 | I58: 嘉鏵CDP100000003
A59: 115/07/16 | B59: 調劑 | F59: 28 | H59: =H58-F59 -> 436.5 | I59: 嘉鏵

Sheet 25
A1: 【 醫療機構、藥局 】(第 四 級管制藥品)
A2: 藥代：STIL/SEM | B2: 管 制 藥 品 收 支 結 存 簿 冊 | J2: 名稱 | K2: 字號 | L2: 上期結存 | M2: 收入 | N2: 支出 | O2: 結存
A3: 藥品名稱 | B3: Semi-Nax 10mg | E3: 管制藥品成分及含量 | H3: Zolpidem 10mg | J3: =B3 -> Semi-Nax 10mg | K3: 044463 | L3: =H7 -> 107 | M3: =SUM(C$8:C$1048576) -> 750 | N3: =SUM(F:F) -> 690 | O3: =L3+M3-N3 -> 167
A4: 管制級別 | B4: 四 | E4: 製造廠名稱 | H4: 鼎泰藥品股份有限公司
A5: 藥品許可證字號 | C5: 衛署藥製字第044463號 | H5: 最小單位 | I5: 粒
A6: 日 期 | B6: 收支原因 | C6: 收入數量 | D6: 收入藥品批號 | F6: 支出數量 | H6: 結存數量 | I6: 備 註
A7: 115/01/01 | B7: 上期結存 | C7: 107 | H7: 107 | I7: 維元社區藥局 (BPP112000001)
A8: 115/01/12 | B8: 調劑 | F8: 30 | H8: =H7-F8 -> 77 | I8: 嘉鏵
A9: 115/01/21 | B9: 調劑 | F9: 56 | H9: =H8-F9 -> 21 | I9: 7/31王麗晴
A10: 115/01/23 | B10: 購買 | C10: 100 | D10: 2J5301 | H10: 121 | I10: 嘉鏵CDP100000003
A11: 115/02/04 | B11: 調劑 | F11: 56 | H11: =H10-F11 -> 65
A12: 115/02/05 | B12: 購買 | C12: 100 | D12: 2J5301 | H12: 165 | I12: 嘉鏵CDP100000003
A13: 115/02/05 | B13: 購買 | C13: 60 | D13: 2E5301 | H13: =H12+C13 -> 225 | I13: 江鎰QDA10600000101
A14: 115/02/06 | B14: 購買 | C14: 40 | D14: 2E5301 | H14: =H13+C14 -> 265 | I14: 江鎰QDA10600000101
A15: 115/02/06 | B15: 調劑 | F15: 28 | H15: =H14-F15 -> 237
A16: 115/02/09 | B16: 購買 | C16: 50 | D16: 2E5301 | H16: 287 | I16: 江鎰QDA10600000101
A17: 115/02/09 | B17: 調劑 | F17: 30 | H17: =H16-F17 -> 257
A18: 115/02/26 | B18: 調劑 | F18: 70 | H18: =H17-F18 -> 187 | I18: 江鎰QDA10600000101
A19: 115/03/05 | B19: 調劑 | F19: 28 | H19: =H18-F19 -> 159
A20: 115/03/24 | B20: 調劑 | F20: 56 | H20: =H19-F20 -> 103
A21: 115/04/11 | B21: 調劑 | F21: 28 | H21: =H20-F21 -> 75
A22: 115/04/15 | B22: 購買 | C22: 100 | D22: 2K5301 | H22: 175 | I22: 嘉鏵CDP100000003
A23: 115/04/24 | B23: 調劑 | F23: 28 | H23: =H22-F23 -> 147
A24: 115/05/08 | B24: 調劑 | F24: 28 | H24: =H23-F24 -> 119
A25: 115/05/11 | B25: 調劑 | F25: 28 | H25: =H24-F25 -> 91
A26: 115/05/13 | B26: 購買 | C26: 220 | D26: 2A6301 | H26: 311 | I26: 江鎰QDA10600000101
A27: 115/05/13 | B27: 購買 | C27: 80 | D27: 2J5302 | H27: 391 | I27: 江鎰QDA10600000101
A28: 115/05/15 | B28: 調劑 | F28: 56 | H28: =H27-F28 -> 335
A29: 115/05/25 | B29: 調劑 | F29: 28 | H29: =H28-F29 -> 307
A30: 115/06/06 | B30: 調劑 | F30: 28 | H30: =H29-F30 -> 279
A31: 115/07/07 | B31: 調劑 | F31: 28 | H31: =H30-F31 -> 251
A32: 115/07/13 | B32: 調劑 | F32: 56 | H32: =H31-F32 -> 195
A33: 115/07/18 | B33: 調劑 | F33: 28 | H33: =H32-F33 -> 167

Sheet 26
A2: 藥代：CON2 | B2: 管 制 藥 品 收 支 結 存 簿 冊 | J2: 名稱 | K2: 字號 | L2: 上期結存 | M2: 收入 | N2: 支出 | O2: 結存
A3: 藥品名稱 | B3: Concerta E.R 18mg | E3: 管制藥品成分及含量 | H3: Methylphenidate 18mg | J3: =B3 -> Concerta E.R 18mg | K3: 023731 | L3: =H7 -> 26 | M3: =SUM(C$8:C$1048576) -> 120 | N3: =SUM(F:F) -> 120 | O3: =L3+M3-N3 -> 26
A4: 管制級別 | B4: 三 | E4: 製造廠名稱 | H4: 嬌生股份有限公司
A5: 藥品許可證字號 | C5: 衛署藥輸字第023731號 | H5: 最小單位 | I5: 粒
A6: 日 期 | B6: 收支原因 | C6: 收入數量 | D6: 收入藥品批號 | F6: 支出數量 | H6: 結存數量 | I6: 備 註
A7: 115/01/01 | B7: 上期結存 | C7: 26 | H7: 26 | I7: 維元社區藥局 (BPP112000001)
A8: 115/01/08 | B8: 購買 | C8: 30 | D8: 25KG125 | H8: 56 | I8: 嘉鏵
A9: 115/01/16 | B9: 調劑 | F9: 30 | H9: =H8-F9 -> 26 | I9: 于陳安
A10: 115/01/18 | B10: 購買 | C10: 30 | D10: 25KG125 | H10: 56 | I10: 嘉鏵CDP100000003
A11: 115/02/11 | B11: 調劑 | F11: 30 | H11: =H10-F11 -> 26 | I11: 于陳安
A12: 115/04/07 | B12: 購買 | C12: 30 | D12: 26AG392X | H12: 56 | I12: 嘉鏵
A13: 115/04/11 | B13: 調劑 | F13: 30 | H13: =H12-F13 -> 26 | I13: 于陳安
A14: 115/04/19 | B14: 購買 | C14: 30 | D14: 26AG392X | H14: 56 | I14: 嘉鏵CDP100000003
A15: 115/05/06 | B15: 調劑 | F15: 30 | H15: =H14-F15 -> 26 | I15: 于陳安

Sheet 27
A1: 【 醫療機構、藥局 】(第 三 級管制藥品)
A2: 藥代：APO1 | B2: 管 制 藥 品 收 支 結 存 簿 冊 | J2: 名稱 | K2: 字號 | L2: 上期結存 | M2: 收入 | N2: 支出 | O2: 結存
A3: 藥品名稱 | B3: Apo-Methyphenidate 10mg | E3: 管制藥品成分及含量 | H3: Methyphenidate 10mg | J3: =B3 -> Apo-Methyphenidate 10mg | K3: 025016 | L3: 0 | M3: =SUM(C:C) -> 0 | N3: =SUM(F:F) -> 0 | O3: =L3+M3-N3 -> 0
A4: 管制級別 | B4: 三 | E4: 製造廠名稱 | H4: 鴻汶醫藥實業有限公司
A5: 藥品許可證字號 | C5: 衛署藥輸字第025016號 | H5: 最小單位 | I5: 粒
A6: 日 期 | B6: 收支原因 | C6: 收入數量 | D6: 收入藥品批號 | F6: 支出數量 | H6: 結存數量 | I6: 備 註
A7: 115/01/01 | B7: 上期結存 | C7: 0 | H7: 0

Sheet 28
A2: 藥代：CON3 | B2: 管 制 藥 品 收 支 結 存 簿 冊 | J2: 名稱 | K2: 字號 | L2: 上期結存 | M2: 收入 | N2: 支出 | O2: 結存
A3: 藥品名稱 | B3: Concerta E.R 36mg | E3: 管制藥品成分及含量 | H3: Methylphenidate 36mg | J3: =B3 -> Concerta E.R 36mg | K3: 042646 | L3: =H7 -> 0 | M3: =SUM(C$7:C$1048576) -> 120 | N3: =SUM(F:F) -> 120 | O3: =L3+M3-N3 -> 0
A4: 管制級別 | B4: 三 | E4: 製造廠名稱 | H4: 嬌生股份有限公司
A5: 藥品許可證字號 | C5: 衛署藥輸字第023880號 | H5: 最小單位 | I5: 粒
A6: 日 期 | B6: 收支原因 | C6: 收入數量 | D6: 收入藥品批號 | F6: 支出數量 | H6: 結存數量 | I6: 備 註
A7: 115/01/01 | B7: 上期結存 | C7: 0 | H7: 0 | I7: 維元社區藥局 (BPP112000001)
A8: 115/01/08 | B8: 購買 | C8: 30 | D8: 25gg843 | H8: 30 | I8: 嘉鏵
A9: 115/01/16 | B9: 調劑 | F9: 30 | H9: =H8-F9 -> 0 | I9: 于陳安
A10: 115/01/18 | B10: 購買 | C10: 30 | D10: 25GG843 | H10: 30 | I10: 嘉鏵CDP10000003
A11: 115/02/11 | B11: 調劑 | F11: 30 | H11: =H10-F11 -> 0 | I11: 于陳安
A12: 115/04/07 | B12: 購買 | C12: 60 | D12: 25LG189 | H12: 60 | I12: 嘉鏵
A13: 115/04/11 | B13: 調劑 | F13: 30 | H13: =H12-F13 -> 30 | I13: 于陳安
A14: 115/05/06 | B14: 調劑 | F14: 30 | H14: =H13-F14 -> 0 | I14: 于陳安

Sheet 29
A1: 【 醫療機構、藥局 】(第 四 級管制藥品)
A2: 藥代：ALPR4/ALP1 | B2: 管 制 藥 品 收 支 結 存 簿 冊 | J2: 名稱 | K2: 字號 | L2: 上期結存 | M2: 收入 | N2: 支出 | O2: 結存
A3: 藥品名稱 | B3: Alprazolam 0.5mg | E3: 管制藥品成分及含量 | H3: Alprazolam 0.5mg | J3: =B3 -> Alprazolam 0.5mg | K3: 057740 | L3: =H7 -> 1383.5 | M3: =SUM(C$8:C$1048576) -> 6000 | N3: =SUM(F:F) -> 5451 | O3: =L3+M3-N3 -> 1932.5
A4: 管制級別 | B4: 四 | E4: 製造廠名稱 | H4: 中化裕民健康事業股份有限公司
A5: 藥品許可證字號 | C5: 衛署藥製字第057740號 | H5: 最小單位 | I5: 粒
A6: 日 期 | B6: 收支原因 | C6: 收入數量 | D6: 收入藥品批號 | F6: 支出數量 | H6: 結存數量 | I6: 備 註
A7: 115/01/01 | B7: 上期結存 | C7: 1383.5 | H7: 1383.5 | I7: 維元社區藥局 (BPP112000001)
A8: 115/01/02 | B8: 調劑 | F8: 34.5 | H8: =H7-F8 -> 1349
A9: 115/01/03 | B9: 調劑 | F9: 18 | H9: =H8-F9 -> 1331
A10: 115/01/04 | B10: 調劑 | F10: 30 | H10: =H9-F10 -> 1301
A11: 115/01/05 | B11: 調劑 | F11: 96 | H11: =H10-F11 -> 1205
A12: 115/01/06 | B12: 調劑 | F12: 28 | H12: =H11-F12 -> 1177
A13: 115/01/08 | B13: 調劑 | F13: 4.5 | H13: =H12-F13 -> 1172.5
A14: 115/01/09 | B14: 調劑 | F14: 60 | H14: =H13-F14 -> 1112.5
A15: 115/01/11 | B15: 調劑 | F15: 4.5 | H15: =H14-F15 -> 1108
A16: 115/01/12 | B16: 調劑 | F16: 14 | H16: =H15-F16 -> 1094
A17: 115/01/14 | B17: 調劑 | F17: 4.5 | H17: =H16-F17 -> 1089.5
A18: 115/01/15 | B18: 調劑 | F18: 28 | H18: =H17-F18 -> 1061.5
A19: 115/01/16 | B19: 調劑 | F19: 71 | H19: =H18-F19 -> 990.5
... A23: 115/01/21 | B23: 調劑 | F23: 63 | H23: =H22-F23 -> 810.5
A24: 115/01/23 | B24: 購買 | C24: 2000 | D24: C1230222 | H24: 2810.5 | I24: 中化
A25: 115/01/23 | B25: 調劑 | F25: 7.5 | H25: =H24-F25 -> 2803
A26: 115/01/25 | B26: 調劑 | F26: 44 | H26: =H25-F26 -> 2759
A27: 115/01/26 | B27: 調劑 | F27: 7.5 | H27: =H26-F27 -> 2751.5
A28: 115/01/27 | B28: 調劑 | F28: 18 | H28: =H27-F28 -> 2733.5
A29: 115/01/28 | B29: 調劑 | F29: 30 | H29: =H28-F29 -> 2703.5
A30: 115/01/29 | B30: 調劑 | F30: 10.5 | H30: =H29-F30 -> 2693
A31: 115/01/30 | B31: 調劑 | F31: 89 | H31: =H30-F31 -> 2604
A32: 115/02/01 | B32: 調劑 | F32: 4.5 | H32: =H31-F32 -> 2599.5
A33: 115/02/02 | B33: 調劑 | F33: 21 | H33: =H32-F33 -> 2578.5
A34: 115/02/03 | B34: 調劑 | F34: 47 | H34: =H33-F34 -> 2531.5
A35: 115/02/04 | B35: 調劑 | F35: 4.5 | H35: =H34-F35 -> 2527
A36: 115/02/05 | B36: 調劑 | F36: 153 | H36: =H35-F36 -> 2374
... A40: 115/02/10 | B40: 調劑 | F40: 32.5 | H40: =H39-F40 -> 2261
A41: 115/02/12 | B41: 調劑 | F41: 75 | H41: =H40-F41 -> 2186 | I41: 中化ADP09200001603
A42: 115/02/13 | B42: 調劑 | F42: 32.5 | H42: =H41-F42 -> 2153.5
A43: 115/02/14 | B43: 調劑 | F43: 18 | H43: =H42-F43 -> 2135.5
A44: 115/02/15 | B44: 調劑 | F44: 80 | H44: =H43-F44 -> 2055.5
A45: 115/02/16 | B45: 調劑 | F45: 34.5 | H45: =H44-F45 -> 2021
A46: 115/02/21 | B46: 調劑 | F46: 4.5 | H46: =H45-F46 -> 2016.5
A47: 115/02/22 | B47: 調劑 | F47: 14 | H47: =H46-F47 -> 2002.5
A48: 115/02/23 | B48: 調劑 | F48: 15 | H48: =H47-F48 -> 1987.5
A49: 115/02/24 | B49: 調劑 | F49: 4.5 | H49: =H48-F49 -> 1983
A50: 115/02/26 | B50: 調劑 | F50: 59 | H50: =H49-F50 -> 1924
A51: 115/02/27 | B51: 調劑 | F51: 4.5 | H51: =H50-F51 -> 1919.5
A52: 115/02/28 | B52: 調劑 | F52: 3 | H52: =H51-F52 -> 1916.5
A53: 115/03/02 | B53: 調劑 | F53: 112.5 | H53: =H52-F53 -> 1804
... A92: 115/04/25 | B92: 調劑 | F92: 9 | H92: =H91-F92 -> 425
A93: 115/04/27 | B93: 購買 | C93: 2000 | D93: C1230229 | H93: 2425 | I93: 中化ADP09200001603
A94: 115/04/27 | B94: 調劑 | F94: 102 | H94: =H93-F94 -> 2323
A95: 115/04/28 | B95: 調劑 | F95: 40.5 | H95: =H94-F95 -> 2282.5
A96: 115/04/29 | B96: 調劑 | F96: 3 | H96: =H95-F96 -> 2279.5
A97: 115/04/30 | B97: 調劑 | F97: 120 | H97: =H96-F97 -> 2159.5
A98: 115/05/01 | B98: 調劑 | F98: 27 | H98: =H97-F98 -> 2132.5
A99: 115/05/02 | B99: 調劑 | F99: 30 | H99: =H98-F99 -> 2102.5
A100: 115/05/04 | B100: 調劑 | F100: 14 | H100: =H99-F100 -> 2088.5 | I100: 中化ADP09200001603
A101: 115/05/05 | B101: 調劑 | F101: 16 | H101: =H100-F101 -> 2072.5
A102: 115/05/06 | B102: 調劑 | F102: 30 | H102: =H101-F102 -> 2042.5
A103: 115/05/08 | B103: 調劑 | F103: 93 | H103: =H102-F103 -> 1949.5
A104: 115/05/09 | B104: 調劑 | F104: 9 | H104: =H103-F104 -> 1940.5
A105: 115/05/11 | B105: 調劑 | F105: 62 | H105: =H104-F105 -> 1878.5
A106: 115/05/12 | B106: 調劑 | F106: 56 | H106: =H105-F106 -> 1822.5
A107: 115/05/13 | B107: 調劑 | F107: 37 | H107: =H106-F107 -> 1785.5
A108: 115/05/14 | B108: 調劑 | F108: 30 | H108: =H107-F108 -> 1755.5
A109: 115/05/16 | B109: 調劑 | F109: 30 | H109: =H108-F109 -> 1725.5
A110: 115/05/18 | B110: 調劑 | F110: 23 | H110: =H109-F110 -> 1702.5
A111: 115/05/20 | B111: 調劑 | F111: 14 | H111: =H110-F111 -> 1688.5
A112: 115/05/21 | B112: 調劑 | F112: 33 | H112: =H111-F112 -> 1655.5
... A143: 115/06/30 | B143: 調劑 | F143: 10 | H143: =H142-F143 -> 585
A144: 115/06/30 | B144: 購買 | C144: 2000 | D144: C1230235 | H144: 2585 | I144: 中化
A145: 115/07/01 | B145: 調劑 | F145: 9 | H145: =H144-F145 -> 2576
A146: 115/07/02 | B146: 調劑 | F146: 44 | H146: =H145-F146 -> 2532
A147: 115/07/03 | B147: 調劑 | F147: 70 | H147: =H146-F147 -> 2462
A148: 115/07/04 | B148: 調劑 | F148: 48 | H148: =H147-F148 -> 2414
A149: 115/07/06 | B149: 調劑 | F149: 37 | H149: =H148-F149 -> 2377
A150: 115/07/07 | B150: 調劑 | F150: 56 | H150: =H149-F150 -> 2321
A151: 115/07/08 | B151: 調劑 | F151: 30 | H151: =H150-F151 -> 2291
A152: 115/07/09 | B152: 調劑 | F152: 60 | H152: =H151-F152 -> 2231
A153: 115/07/12 | B153: 調劑 | F153: 9 | H153: =H152-F153 -> 2222
A154: 115/07/13 | B154: 調劑 | F154: 36 | H154: =H153-F154 -> 2186
A155: 115/07/14 | B155: 調劑 | F155: 30 | H155: =H154-F155 -> 2156
A156: 115/07/15 | B156: 調劑 | F156: 89 | H156: =H155-F156 -> 2067
... A164: 115/07/24 | B164: 調劑 | F164: 12 | H164: =H163-F164 -> 1932.5

Sheet 30
A1: 【 醫療機構、藥局 】(第 四 級管制藥品)
A2: 藥代：DAC2 | B2: 管 制 藥 品 收 支 結 存 簿 冊 | J2: 名稱 | K2: 字號 | L2: 上期結存 | M2: 收入 | N2: 支出 | O2: 結存
A3: 藥品名稱 | B3: Dactive 10 mg | E3: 管制藥品成分及含量 | H3: Zolpidem 10mg | J3: =B3 -> Dactive 10 mg | K3: 024958 | L3: 0 | M3: =SUM(C:C) -> 0 | N3: =SUM(F:F) -> 0 | O3: =L3+M3-N3 -> 0
A4: 管制級別 | B4: 四 | E4: 製造廠名稱 | H4: 毅有生技醫藥股份有限公司
A5: 藥品許可證字號 | C5: 衛署藥輸字第024958號 | H5: 最小單位 | I5: 粒
A6: 日 期 | B6: 收支原因 | C6: 收入數量 | D6: 收入藥品批號 | F6: 支出數量 | H6: 結存數量 | I6: 備 註
A7: 115/01/01 | B7: 上期結存 | C7: 0 | H7: 0

Sheet 31
A1: 【 醫療機構、藥局 】(第 四 級管制藥品)
A2: 藥代：ALP2 | B2: 管 制 藥 品 收 支 結 存 簿 冊 | J2: 名稱 | K2: 字號 | L2: 上期結存 | M2: 收入 | N2: 支出 | O2: 結存
A3: 藥品名稱 | B3: Alpraline 0.5mg | E3: 管制藥品成分及含量 | H3: Alprazolam 0.5mg | J3: =B3 -> Alpraline 0.5mg | K3: 044685 | L3: =H7 -> 443 | M3: =SUM(C$8:C$1048576) -> 1000 | N3: =SUM(F:F) -> 903.5 | O3: =L3+M3-N3 -> 539.5
A4: 管制級別 | B4: 四 | E4: 製造廠名稱 | H4: 信東生技股份有限公司
A5: 藥品許可證字號 | C5: 衛署藥製字第044685號 | H5: 最小單位 | I5: 粒
A6: 日 期 | B6: 收支原因 | C6: 收入數量 | D6: 收入藥品批號 | F6: 支出數量 | H6: 結存數量 | I6: 備 註
A7: 115/01/01 | B7: 上期結存 | C7: 443 | H7: 443 | I7: 維元社區藥局 (BPP112000001)
A8: 115/01/02 | B8: 調劑 | F8: 30 | H8: =H7-F8 -> 413
A9: 115/01/19 | B9: 調劑 | F9: 1.5 | H9: =H8-F9 -> 411.5
A10: 115/01/26 | B10: 調劑 | F10: 28 | H10: =H9-F10 -> 383.5
A11: 115/01/27 | B11: 調劑 | F11: 30 | H11: =H10-F11 -> 353.5
A12: 115/01/30 | B12: 調劑 | F12: 30 | H12: =H11-F12 -> 323.5
A13: 115/02/04 | B13: 購買 | C13: 1000 | D13: 25A0109 | H13: 1323.5 | I13: 信東
A14: 115/02/15 | B14: 調劑 | F14: 3 | H14: =H13-F14 -> 1320.5
A15: 115/02/25 | B15: 調劑 | F15: 30 | H15: =H14-F15 -> 1290.5
A16: 115/02/26 | B16: 調劑 | F16: 28 | H16: =H15-F16 -> 1262.5 | I16: 江鎰QDA10600000101
A17: 115/03/02 | B17: 調劑 | F17: 56 | H17: =H16-F17 -> 1206.5
A18: 115/03/07 | B18: 調劑 | F18: 30 | H18: =H17-F18 -> 1176.5
A19: 115/03/08 | B19: 調劑 | F19: 3 | H19: =H18-F19 -> 1173.5
A20: 115/03/27 | B20: 調劑 | F20: 32.5 | H20: =H19-F20 -> 1141 | I20: 信東DDP08900000403
A21: 115/03/29 | B21: 調劑 | F21: 56 | H21: =H20-F21 -> 1085
A22: 115/03/30 | B22: 調劑 | F22: 4.5 | H22: =H21-F22 -> 1080.5
A23: 115/04/02 | B23: 調劑 | F23: 4.5 | H23: =H22-F23 -> 1076
A24: 115/04/03 | B24: 調劑 | F24: 30 | H24: =H23-F24 -> 1046
A25: 115/04/04 | B25: 調劑 | F25: 30 | H25: =H24-F25 -> 1016
A26: 115/04/07 | B26: 調劑 | F26: 4.5 | H26: =H25-F26 -> 1011.5
A27: 115/04/10 | B27: 調劑 | F27: 3 | H27: =H26-F27 -> 1008.5
A28: 115/04/14 | B28: 調劑 | F28: 28 | H28: =H27-F28 -> 980.5
A29: 115/04/22 | B29: 調劑 | F29: 28 | H29: =H28-F29 -> 952.5
A30: 115/05/04 | B30: 調劑 | F30: 30 | H30: =H29-F30 -> 922.5
A31: 115/05/12 | B31: 調劑 | F31: 4.5 | H31: =H30-F31 -> 918
A32: 115/05/15 | B32: 調劑 | F32: 28 | H32: =H31-F32 -> 890
... A43: 115/07/20 | B43: 調劑 | F43: 28 | H43: =H42-F43 -> 539.5

Sheet 32
A1: 【 醫療機構、藥局 】(第 四 級管制藥品) | J1: 江鎰QDA10600000101 | K1: 調劑 | L1: 購買 | M1: 嘉鏵(CDP100000003)
A2: 藥代：EUR0 | B2: 管 制 藥 品 收 支 結 存 簿 冊 | J2: 名稱 | K2: 字號 | L2: 上期結存 | M2: 收入 | N2: 支出 | O2: 結存
A3: 藥品名稱 | B3: Eurodin 2mg | E3: 管制藥品成分及含量 | H3: Estazolam 2mg | J3: =B3 -> Eurodin 2mg | K3: 012458 | L3: =H7 -> 553 | M3: =SUM(C$8:C$1048576) -> 2900 | N3: =SUM(F:F) -> 2080 | O3: =L3+M3-N3 -> 1373
A4: 管制級別 | B4: 四 | E4: 製造廠名稱 | H4: 台灣武田藥品工業股份有限公司
A5: 藥品許可證字號 | C5: 衛署藥製字第012458號 | H5: 最小單位 | I5: 粒
A6: 日 期 | B6: 收支原因 | C6: 收入數量 | D6: 收入藥品批號 | F6: 支出數量 | H6: 結存數量 | I6: 備 註
A7: 115/01/01 | B7: 上期結存 | C7: 553 | H7: 553 | I7: 維元社區藥局 (BPP112000001)
A8: 115/01/01 | B8: 調劑 | F8: 28 | H8: =H7-F8 -> 525
A9: 115/01/06 | B9: 調劑 | F9: 30 | H9: =H8-F9 -> 495
A10: 115/01/07 | B10: 調劑 | F10: 59 | H10: =H9-F10 -> 436
A11: 115/01/08 | B11: 調劑 | F11: 28 | H11: =H10-F11 -> 408
A12: 115/01/09 | B12: 調劑 | F12: 28 | H12: =H11-F12 -> 380
A13: 115/01/16 | B13: 調劑 | F13: 28 | H13: =H12-F13 -> 352
A14: 115/01/17 | B14: 調劑 | F14: 28 | H14: =H13-F14 -> 324
A15: 115/01/20 | B15: 調劑 | F15: 30 | H15: =H14-F15 -> 294
A16: 115/01/21 | B16: 調劑 | F16: 30 | H16: =H15-F16 -> 264
A17: 115/01/23 | B17: 調劑 | F17: 30 | H17: =H16-F17 -> 234
A18: 115/01/23 | B18: 購買 | C18: 400 | D18: D078 | H18: 634 | I18: 嘉鏵CDP100000003
A19: 115/01/26 | B19: 調劑 | F19: 30 | H19: =H18-F19 -> 604
A20: 115/01/27 | B20: 調劑 | F20: 56 | H20: =H19-F20 -> 548
A21: 115/01/31 | B21: 調劑 | F21: 30 | H21: =H20-F21 -> 518
A22: 115/02/05 | B22: 調劑 | F22: 28 | H22: =H21-F22 -> 490
A23: 115/02/11 | B23: 調劑 | F23: 30 | H23: =H22-F23 -> 460
A24: 115/02/24 | B24: 調劑 | F24: 56 | H24: =H23-F24 -> 404
A25: 115/02/25 | B25: 調劑 | F25: 90 | H25: =H24-F25 -> 314
A26: 115/02/27 | B26: 調劑 | F26: 28 | H26: =H25-F26 -> 286 | I26: 嘉鏵CDP100000003
A27: 115/02/28 | B27: 調劑 | F27: 28 | H27: =H26-F27 -> 258
A28: 115/03/01 | B28: 調劑 | F28: 30 | H28: =H27-F28 -> 228
A29: 115/03/02 | B29: 調劑 | F29: 28 | H29: =H28-F29 -> 200
A30: 115/03/03 | B30: 調劑 | F30: 30 | H30: =H29-F30 -> 170
A31: 115/03/04 | B31: 調劑 | F31: 30 | H31: =H30-F31 -> 140
A32: 115/03/05 | B32: 調劑 | F32: 31 | H32: =H31-F32 -> 109
A33: 115/03/06 | B33: 購買 | C33: 400 | D33: D084 | H33: 509 | I33: 嘉鏵CDP100000003
A34: 115/03/13 | B34: 調劑 | F34: 28 | H34: =H33-F34 -> 481
A35: 115/03/14 | B35: 調劑 | F35: 30 | H35: =H34-F35 -> 451 | I35: 嘉鏵
A36: 115/03/18 | B36: 調劑 | F36: 58 | H36: =H35-F36 -> 393
A37: 115/03/19 | B37: 調劑 | F37: 28 | H37: =H36-F37 -> 365
A38: 115/03/24 | B38: 調劑 | F38: 28 | H38: =H37-F38 -> 337
A39: 115/03/25 | B39: 調劑 | F39: 28 | H39: =H38-F39 -> 309 | I39: 江鎰QDA10600000101
A40: 115/03/31 | B40: 調劑 | F40: 58 | H40: =H39-F40 -> 251
A41: 115/04/01 | B41: 調劑 | F41: 28 | H41: =H40-F41 -> 223
A42: 115/04/02 | B42: 調劑 | F42: 30 | H42: =H41-F42 -> 193
A43: 115/04/03 | B43: 調劑 | F43: 28 | H43: =H42-F43 -> 165
A44: 115/04/07 | B44: 購買 | C44: 500 | D44: D087 | H44: 665 | I44: 嘉鏵
A45: 115/04/11 | B45: 調劑 | F45: 30 | H45: =H44-F45 -> 635
A46: 115/04/15 | B46: 調劑 | F46: 28 | H46: =H45-F46 -> 607
A47: 115/04/16 | B47: 調劑 | F47: 28 | H47: =H46-F47 -> 579 | I47: QDA10600000101 江鎰
A48: 115/04/17 | B48: 調劑 | F48: 28 | H48: =H47-F48 -> 551
A49: 115/04/21 | B49: 調劑 | F49: 28 | H49: =H48-F49 -> 523
A50: 115/04/23 | B50: 調劑 | F50: 28 | H50: =H49-F50 -> 495
A51: 115/04/27 | B51: 調劑 | F51: 31 | H51: =H50-F51 -> 464
A52: 115/04/28 | B52: 調劑 | F52: 30 | H52: =H51-F52 -> 434
A53: 115/04/29 | B53: 調劑 | F53: 30 | H53: =H52-F53 -> 404
A54: 115/05/02 | B54: 調劑 | F54: 30 | H54: =H53-F54 -> 374
A55: 115/05/15 | B55: 調劑 | F55: 28 | H55: =H54-F55 -> 346
A56: 115/05/22 | B56: 調劑 | F56: 28 | H56: =H55-F56 -> 318
A57: 115/05/30 | B57: 調劑 | F57: 58 | H57: =H56-F57 -> 260
A58: 115/06/02 | B58: 調劑 | F58: 30 | H58: =H57-F58+C58 -> 230
A59: 115/6/3 | B59: 購買 | C59: 300 | D59: D093 | H59: =H58-F59+C59 -> 530 | I59: 江鎰QDA10600000101
A60: 115/06/04 | B60: 調劑 | F60: 30 | H60: =H59-F60 -> 500
A61: 115/06/08 | B61: 調劑 | F61: 31 | H61: =H60-F61 -> 469
A62: 115/06/16 | B62: 調劑 | F62: 28 | H62: =H61-F62 -> 441
A63: 115/06/18 | B63: 調劑 | F63: 28 | H63: =H62-F63 -> 413
A64: 115/06/23 | B64: 調劑 | F64: 31 | H64: =H63-F64 -> 382
A65: 115/06/26 | B65: 調劑 | F65: 114 | H65: =H64-F65 -> 268
A66: 115/06/30 | B66: 調劑 | F66: 30 | H66: =H65-F66 -> 238
A67: 115/07/04 | B67: 調劑 | F67: 31 | H67: =H66-F67 -> 207
A68: 115/07/09 | B68: 調劑 | F68: 30 | H68: =H67-F68 -> 177
A69: 115/07/09 | B69: 購買 | C69: 300 | D69: E052 | H69: 477 | I69: 嘉鏵CDP100000003
A70: 115/07/09 | B70: 購買 | C70: 900 | D70: E051
A71: 115/07/09 | B71: 購買 | C71: 100 | D71: E054 | H71: 1477 | I71: 江鎰QDA10600000101
A72: 115/07/13 | B72: 調劑 | F72: 28 | H72: =H71-F72 -> 1449
A73: 115/07/14 | B73: 調劑 | F73: 28 | H73: =H72-F73 -> 1421
A74: 115/07/16 | B74: 調劑 | F74: 20 | H74: =H73-F74 -> 1401
A75: 115/07/20 | B75: 調劑 | F75: 28 | H75: =H74-F75 -> 1373
Q110: 1010 | S110: 45292 | U110: =R111-T111 -> 0
Q111: 1130104 | R111: 60 | S111: 45295 | T111: 60 | U111: =R111-T111 -> 0
Q112: 1130105 | R112: 7 | S112: 45296 | T112: 7 | U112: =R112-T112 -> 0
Q113: 1130108 | R113: 31 | S113: 45299 | T113: 31 | U113: =R113-T113 -> 0
Q114: 1130110 | R114: 28 | S114: 45301 | T114: 28 | U114: =R114-T114 -> 0
Q115: 1130113 | R115: 42 | S115: 45304 | T115: 42 | U115: =R115-T115 -> 0
Q116: 1130117 | R116: 28 | S116: 45308 | T116: 28 | U116: =R116-T116 -> 0
Q117: 1130122 | R117: 7 | S117: 45313 | T117: 7 | U117: =R117-T117 -> 0
Q118: 1130125 | R118: 28 | S118: 45316 | T118: 28 | U118: =R118-T118 -> 0
Q119: 1130130 | R119: 28 | S119: 45321 | T119: 28 | U119: =R119-T119 -> 0
Q120: 1130202 | R120: 28 | S120: 45324 | T120: 28 | U120: =R120-T120 -> 0
Q121: 1130205 | R121: 72 | S121: 45327 | T121: 72 | U121: =R121-T121 -> 0
Q122: 1130206 | R122: 58 | S122: 45328 | T122: 58 | U122: =R122-T122 -> 0
... Q127: 1130222 | R127: 28 | S127: 45344 | T127: 28 | U127: =R127-T127 -> 0
Q128: 1130227 | R128: 28 | S128: 113/02/27 | T128: 28 | U128: =R128-T128 -> 0
Q129: 1130228 | R129: 28 | S129: 45350 | T129: 28 | U129: =R129-T129 -> 0
Q130: 1130229 | R130: 28 | S130: 113/02/29 | T130: 28 | U130: =R130-T130 -> 0
Q131: 1130304 | R131: 45 | S131: 45355 | T131: 45 | U131: =R131-T131 -> 0
Q132: 1130312 | R132: 56 | S132: 45363 | T132: 56 | U132: =R132-T132 -> 0
Q133: 1130313 | R133: 88 | S133: 45364 | T133: 88 | U133: =R133-T133 -> 0
S134: 113/03/14 | T134: 28 | U134: =R134-T134 -> -28
Q135: 1130315 | R135: 28 | S135: 45366 | T135: 14 | U135: =R135-T135 -> 14
Q136: 1130319 | R136: 14 | S136: 45370 | T136: 28 | U136: =R136-T136 -> -14
Q137: 1130322 | R137: 28 | S137: 45373 | T137: 28 | U137: =R137-T137 -> 0
Q138: 1130329 | R138: 28 | S138: 45380 | T138: 28 | U138: =R138-T138 -> 0
...

Sheet 33
A1: 【 醫療機構、藥局 】(第 四 級管制藥品) | J1: 嘉鏵 (CDP100000003) | L1: 調劑 | M1: 購買 | P1: 江鎰 (QDA10600000101)
A2: 藥代：XAN3 | B2: 管 制 藥 品 收 支 結 存 簿 冊 | J2: 名稱 | K2: 字號 | L2: 上期結存 | M2: 收入 | N2: 支出 | O2: 結存
A3: 藥品名稱 | B3: Xanax XR E.R 0.5mg | E3: 管制藥品成分及含量 | H3: Alprazolam 0.5mg | J3: =B3 -> Xanax XR E.R 0.5mg | K3: 021698 | L3: =H7 -> 150 | M3: =SUM(C$8:C$1048576) -> 710 | N3: =SUM(F:F) -> 762 | O3: =L3+M3-N3 -> 98
A4: 管制級別 | B4: 四 | E4: 製造廠名稱 | H4: 暉致醫藥股份有限公司
A5: 藥品許可證字號 | C5: 衛署藥輸字第021698號 | H5: 最小單位 | I5: 粒
A6: 日 期 | B6: 收支原因 | C6: 收入數量 | D6: 收入藥品批號 | F6: 支出數量 | H6: 結存數量 | I6: 備 註
A7: 115/01/01 | B7: 上期結存 | C7: 150 | H7: 150 | I7: 維元社區藥局 (BPP112000001)
A8: 115/01/04 | B8: 購買 | C8: 60 | D8: ML7482 | H8: 210 | I8: 嘉鏵CDP100000003
A9: 115/01/08 | B9: 調劑 | F9: 28 | H9: =H8-F9 -> 182 | I9: 江
A10: 115/01/09 | B10: 購買 | C10: 30 | D10: ML7482 | H10: 212 | I10: 嘉鏵
A11: 115/01/28 | B11: 調劑 | F11: 28 | H11: =H10-F11 -> 184 | I11: 嘉鏵
A12: 115/01/28 | B12: 購買 | C12: 180 | D12: ME2033 | H12: 364 | I12: 嘉鏵CDP100000003
A13: 115/02/03 | B13: 調劑 | F13: 56 | H13: =H12-F13 -> 308
A14: 115/02/05 | B14: 調劑 | F14: 28 | H14: =H13-F14 -> 280 | I14: 江鎰QDA10600000101
A15: 115/02/10 | B15: 調劑 | F15: 28 | H15: =H14-F15 -> 252
A16: 115/02/25 | B16: 調劑 | F16: 84 | H16: =H15-F16 -> 168
A17: 115/03/04 | B17: 調劑 | F17: 56 | H17: =H16-F17 -> 112
A18: 115/03/10 | B18: 調劑 | F18: 28 | H18: =H17-F18 -> 84 | I18: 嘉鏵CDP100000003
A19: 115/04/20 | B19: 調劑 | F19: 56 | H19: =H18-F19 -> 28
A20: 115/04/21 | B20: 購買 | C20: 100 | D20: ML7501 | H20: 128 | I20: 嘉鏵CDP100000003
A21: 115/04/23 | B21: 調劑 | F21: 30 | H21: =H20-F21 -> 98 | I21: 江鎰QDA10600000101
A22: 115/04/29 | B22: 調劑 | F22: 56 | H22: =H21-F22 -> 42
A23: 115/04/30 | B23: 購買 | C23: 100 | D23: ML7501 | H23: 142 | I23: 嘉鏵CDP100000003
A24: 115/05/02 | B24: 調劑 | F24: 28 | H24: =H23-F24 -> 114 | I24: 江鎰QDA10600000101
A25: 115/05/23 | B25: 調劑 | F25: 30 | H25: =H24-F25 -> 84 | I25: 江鎰QDA10600000101
A26: 115/05/26 | B26: 購買 | C26: 120 | D26: ML7507 | H26: 204 | I26: 江鎰QDA10600000101
A27: 115/05/26 | B27: 購買 | C27: 120 | D27: ML7501 | H27: 324 | I27: 嘉鏵CDP100000003
A28: 115/05/28 | B28: 調劑 | F28: 56 | H28: =H27-F28 -> 268
A29: 115/06/04 | B29: 調劑 | F29: 28 | H29: =H28-F29 -> 240 | I29: 江鎰QDA10600000101
A30: 115/07/09 | B30: 調劑 | F30: 56 | H30: =H29-F30 -> 184
A31: 115/07/15 | B31: 調劑 | F31: 30 | H31: =H30-F31 -> 154 | I31: 嘉鏵CDP100000003
A32: 115/07/23 | B32: 調劑 | F32: 56 | H32: =H31-F32 -> 98

Sheet 34
A1: 【 醫療機構、藥局 】(第 四 級管制藥品)
A2: 藥代：SOTA | B2: 管 制 藥 品 收 支 結 存 簿 冊 | J2: 名稱 | K2: 字號 | L2: 上期結存 | M2: 收入 | N2: 支出 | O2: 結存
A3: 藥品名稱 | B3: Sotalon 10mg | E3: 管制藥品成分及含量 | H3: Zaleplon 10 mg | J3: =B3 -> Sotalon 10mg | K3: 049084 | L3: 0 | M3: =SUM(C:C) -> 0 | N3: =SUM(F:F) -> 0 | O3: =L3+M3-N3 -> 0
A4: 管制級別 | B4: 四 | E4: 製造廠名稱 | H4: 瑩碩生技醫藥股份有限公司
A5: 藥品許可證字號 | C5: 衛署藥製字第049084號 | H5: 最小單位 | I5: 粒
A6: 日 期 | B6: 收支原因 | C6: 收入數量 | D6: 收入藥品批號 | F6: 支出數量 | H6: 結存數量 | I6: 備 註
A7: 115/01/01 | B7: 上期結存 | C7: 0 | H7: 0

Sheet 35
A1: 【 醫療機構、藥局 】(第 三 級管制藥品)
A2: 藥代：RIT | B2: 管 制 藥 品 收 支 結 存 簿 冊 | J2: 名稱 | K2: 字號 | L2: 上期結存 | M2: 收入 | N2: 支出 | O2: 結存
A3: 藥品名稱 | B3: Ritalin 10mg | E3: 管制藥品成分及含量 | H3: Methylphenidate 10mg | J3: =B3 -> Ritalin 10mg | K3: 030740 | L3: 0 | M3: =SUM(C:C) -> 0 | N3: =SUM(F:F) -> 0 | O3: =L3+M3-N3 -> 0
A4: 管制級別 | B4: 三 | E4: 製造廠名稱 | H4: 台灣諾華股份有限公司
A5: 藥品許可證字號 | C5: 衛署藥製字第030740號 | H5: 最小單位 | I5: 粒
A6: 日 期 | B6: 收支原因 | C6: 收入數量 | D6: 收入藥品批號 | F6: 支出數量 | H6: 結存數量 | I6: 備 註
A7: 115/01/01 | B7: 上期結存 | C7: 0 | H7: 0

Sheet 36
A1: 【 醫療機構、藥局 】(第 四 級管制藥品)
A2: 藥代：ZOL2/ZOL3/ ZOLC | B2: 管 制 藥 品 收 支 結 存 簿 冊 | J2: 名稱 | K2: 字號 | L2: 上期結存 | M2: 收入 | N2: 支出 | O2: 結存
A3: 藥品名稱 | B3: Zolon 7.5mg | E3: 管制藥品成分及含量 | H3: Zopiclone 7.5mg | J3: =B3 -> Zolon 7.5mg | K3: 046013 | L3: =H7 -> 113 | M3: =SUM(C$8:C$1048576) -> 300 | N3: =SUM(F:F) -> 187 | O3: =L3+M3-N3 -> 226
A4: 管制級別 | B4: 四 | E4: 製造廠名稱 | H4: 信東生技股份有限公司
A5: 藥品許可證字號 | C5: 衛署藥製字第046013號 | H5: 最小單位 | I5: 粒
A6: 日 期 | B6: 收支原因 | C6: 收入數量 | D6: 收入藥品批號 | F6: 支出數量 | H6: 結存數量 | I6: 備 註
A7: 115/01/01 | B7: 上期結存 | C7: 113 | H7: 113 | I7: 維元社區藥局 (BPP112000001)
A8: 115/01/20 | B8: 調劑 | F8: 30 | H8: =H7-F8 -> 83
A9: 115/01/23 | B9: 購買 | C9: 300 | D9: 25A0508 | H9: 383 | I9: 嘉鏵CDP100000003
A10: 115/02/23 | B10: 調劑 | F10: 30 | H10: =H9-F10 -> 353
A11: 115/03/27 | B11: 調劑 | F11: 30 | H11: =H10-F11 -> 323
A12: 115/05/01 | B12: 調劑 | F12: 30 | H12: =H11-F12 -> 293 | I12: 江鎰QDA10600000101
A13: 115/05/30 | B13: 調劑 | F13: 7 | H13: =H12-F13 -> 286
A14: 115/06/11 | B14: 調劑 | F14: 30 | H14: =H13-F14 -> 256
A15: 115/07/15 | B15: 調劑 | F15: 30 | H15: =H14-F15 -> 226

Sheet 37
A1: 【 醫療機構、藥局 】(第 四 級管制藥品)
A2: 藥代：SIL3/SILE | B2: 管 制 藥 品 收 支 結 存 簿 冊 | J2: 名稱 | K2: 字號 | L2: 上期結存 | M2: 收入 | N2: 支出 | O2: 結存
A3: 藥品名稱 | B3: Silence 1mg | E3: 管制藥品成分及含量 | H3: Lorazepam 1mg | J3: =B3 -> Silence 1mg | K3: 019247 | L3: =H7 -> 574 | M3: =SUM(C$8:C$1048576) -> 2030 | N3: =SUM(F:F) -> 898 | O3: =L3+M3-N3 -> 1706
A4: 管制級別 | B4: 四 | E4: 製造廠名稱 | H4: 永信藥品工業股份有限公司
A5: 藥品許可證字號 | C5: 衛署藥製字第019247號 | H5: 最小單位 | I5: 粒
A6: 日 期 | B6: 收支原因 | C6: 收入數量 | D6: 收入藥品批號 | F6: 支出數量 | H6: 結存數量 | I6: 備 註
A7: 115/01/01 | B7: 上期結存 | C7: 574 | H7: 574 | I7: 維元社區藥局 (BPP112000001)
A8: 115/01/05 | B8: 調劑 | F8: 30 | H8: =H7-F8 -> 544
A9: 115/01/19 | B9: 調劑 | F9: 7 | H9: =H8-F9 -> 537
A10: 115/01/21 | B10: 調劑 | F10: 56 | H10: =H9-F10 -> 481 | I10: 永信HFP10100000101
A11: 115/01/23 | B11: 調劑 | F11: 30 | H11: =H10-F11 -> 451
A12: 115/01/24 | B12: 調劑 | F12: 14 | H12: =H11-F12 -> 437
A13: 115/01/30 | B13: 調劑 | F13: 44 | H13: =H12-F13 -> 393
A14: 115/02/02 | B14: 調劑 | F14: 7 | H14: =H13-F14 -> 386
A15: 115/02/05 | B15: 調劑 | F15: 30 | H15: =H14-F15 -> 356
A16: 115/02/13 | B16: 調劑 | F16: 14 | H16: =H15-F16 -> 342
A17: 115/02/14 | B17: 調劑 | F17: 14 | H17: =H16-F17 -> 328
A18: 115/02/23 | B18: 調劑 | F18: 30 | H18: =H17-F18 -> 298
A19: 115/02/24 | B19: 調劑 | F19: 30 | H19: =H18-F19 -> 268
A20: 115/02/27 | B20: 調劑 | F20: 28 | H20: =H19-F20 -> 240
A21: 115/03/02 | B21: 調劑 | F21: 14 | H21: =H20-F21 -> 226
A22: 115/03/04 | B22: 調劑 | F22: 14 | H22: =H21-F22 -> 212
... A31: 115/04/29 | B31: 調劑 | F31: 30 | H31: =H30-F31 -> -30
A32: 115/04/30 | B32: 購買 | C32: 30 | D32: SRT A002 | H32: 0 | I32: 嘉鏵
A33: 115/04/30 | B33: 購買 | C33: 2000 | D33: SRT A005 | H33: 2000 | I33: 永信HFP10100000101
A34: 115/05/12 | B34: 調劑 | F34: 30 | H34: =H33-F34 -> 1970
A35: 115/05/29 | B35: 調劑 | F35: 28 | H35: =H34-F35 -> 1942
A36: 115/06/01 | B36: 調劑 | F36: 30 | H36: =H35-F36 -> 1912 | J36: CPA103000020
A37: 115/06/08 | B37: 調劑 | F37: 30 | H37: =H36-F37 -> 1882
A38: 115/06/09 | B38: 調劑 | F38: 14 | H38: =H37-F38 -> 1868
A39: 115/06/23 | B39: 調劑 | F39: 30 | H39: =H38-F39 -> 1838
A40: 115/06/29 | B40: 調劑 | F40: 28 | H40: =H39-F40 -> 1810
A41: 115/07/01 | B41: 調劑 | F41: 30 | H41: =H40-F41 -> 1780
A42: 115/07/02 | B42: 調劑 | F42: 30 | H42: =H41-F42 -> 1750
A43: 115/07/18 | B43: 調劑 | F43: 14 | H43: =H42-F43 -> 1736
A44: 115/07/22 | B44: 調劑 | F44: 30 | H44: =H43-F44 -> 1706

Sheet 38
A1: 【 醫療機構、藥局 】(第 四 級管制藥品)
A2: 藥代：ELI | B2: 管 制 藥 品 收 支 結 存 簿 冊 | J2: 名稱 | K2: 字號 | L2: 上期結存 | M2: 收入 | N2: 支出 | O2: 結存
A3: 藥品名稱 | B3: Elinin 20mg | E3: 管制藥品成分及含量 | H3: Oxazolam 20mg | J3: =B3 -> Elinin 20mg | K3: 031515 | L3: 0 | M3: =SUM(C:C) -> 0 | N3: =SUM(F:F) -> 0 | O3: =L3+M3-N3 -> 0
A4: 管制級別 | B4: 四 | E4: 製造廠名稱 | H4: 羅得化學製藥股份有限公司
A5: 藥品許可證字號 | C5: 衛署藥製字第031515號 | H5: 最小單位 | I5: 粒
A6: 日 期 | B6: 收支原因 | C6: 收入數量 | D6: 收入藥品批號 | F6: 支出數量 | H6: 結存數量 | I6: 備 註
A7: 115/01/01 | B7: 上期結存 | C7: 0 | H7: 0

Sheet 39
A1: 【 醫療機構、藥局 】(第 四 級管制藥品)
A2: 藥代：LOW0 | B2: 管 制 藥 品 收 支 結 存 簿 冊 | J2: 名稱 | K2: 字號 | L2: 上期結存 | M2: 收入 | N2: 支出 | O2: 結存
A3: 藥品名稱 | B3: Lowen 0.5mg | E3: 管制藥品成分及含量 | H3: Lorazepam 0.5mg | J3: =B3 -> Lowen 0.5mg | K3: 027849 | L3: =H7 -> 64 | M3: =SUM(C$8:C$1048576) -> 120 | N3: =SUM(F:F) -> 168 | O3: =L3+M3-N3 -> 16
A4: 管制級別 | B4: 四 | E4: 製造廠名稱 | H4: 中國化學製藥股份有限公司新豐工廠
A5: 藥品許可證字號 | C5: 衛署藥製字第027849號 | H5: 最小單位 | I5: 粒
A6: 日 期 | B6: 收支原因 | C6: 收入數量 | D6: 收入藥品批號 | F6: 支出數量 | H6: 結存數量 | I6: 備 註
A7: 115/01/01 | B7: 上期結存 | C7: 64 | H7: 64 | I7: 維元社區藥局 (BPP112000001)
A8: 115/01/13 | B8: 調劑 | F8: 56 | H8: =H7-F8 -> 8 | I8: 江
A9: 115/02/27 | B9: 購買 | C9: 60 | D9: C44-0072 | H9: 68 | I9: 嘉鏵
A10: 115/03/03 | B10: 調劑 | F10: 56 | H10: =H9-F10 -> 12 | I10: 江鎰QDA10600000101
A11: 115/04/21 | B11: 購買 | C11: 60 | D11: C44-0073 | H11: 72 | I11: 嘉鏵
A12: 115/04/22 | B12: 調劑 | F12: 56 | H12: =H11-F12 -> 16 | I12: 嘉鏵
I14: 嘉鏵CDP100000003

Sheet 40
A1: 【 醫療機構、藥局 】(第 四 級管制藥品)
A2: 藥代：SYN2 | B2: 管 制 藥 品 收 支 結 存 簿 冊 | J2: 名稱 | K2: 字號 | L2: 上期結存 | M2: 收入 | N2: 支出 | O2: 結存
A3: 藥品名稱 | B3: Syndoman 15mg | E3: 管制藥品成分及含量 | H3: Flurazepam 15mg | J3: =B3 -> Syndoman 15mg | K3: 042227 | L3: =H7 -> 0 | M3: =SUM(C:C) -> 0 | N3: =SUM(F:F) -> 0 | O3: =L3+M3-N3 -> 0
A4: 管制級別 | B4: 四 | E4: 製造廠名稱 | H4: 信東生技股份有限公司
A5: 藥品許可證字號 | C5: 衛署藥製字第042227號 | H5: 最小單位 | I5: 粒
A6: 日 期 | B6: 收支原因 | C6: 收入數量 | D6: 收入藥品批號 | F6: 支出數量 | H6: 結存數量 | I6: 備 註
A7: 115/01/01 | B7: 上期結存 | C7: 0 | H7: 0 | I7: 維元社區藥局 (BPP103000001)

Sheet 41
A1: 【 醫療機構、藥局 】(第 四 級管制藥品)
A2: 藥代：ALE1 | B2: 管 制 藥 品 收 支 結 存 簿 冊 | J2: 名稱 | K2: 字號 | L2: 上期結存 | M2: 收入 | N2: 支出 | O2: 結存
A3: 藥品名稱 | B3: Alepan 15mg | E3: 管制藥品成分及含量 | H3: Oxazepam 15mg | J3: =B3 -> Alepan 15mg | K3: 046145 | L3: =H7 -> 0 | M3: =SUM(C$8:C$1048576) -> 20 | N3: =SUM(F:F) -> 14 | O3: =L3+M3-N3 -> 6
A4: 管制級別 | B4: 四 | E4: 製造廠名稱 | H4: 曼哈頓企業有限公司
A5: 藥品許可證字號 | C5: 衛署藥製字第046145號 | H5: 最小單位 | I5: 粒
A6: 日 期 | B6: 收支原因 | C6: 收入數量 | D6: 收入藥品批號 | F6: 支出數量 | H6: 結存數量 | I6: 備 註
A7: 115/01/01 | B7: 上期結存 | C7: 0 | H7: 0 | I7: 維元社區藥局 (BPP112000001)
A8: 115/02/25 | B8: 購買 | C8: 20 | D8: N701 | H8: 20 | I8: 嘉鏵CDP100000003
A9: 115/02/27 | B9: 調劑 | F9: 14 | H9: =H8-F9 -> 6

Sheet 42
A1: 【 醫療機構、藥局 】(第 四 級管制藥品) | J1: 江鎰(QDA10600000101) | K1: 嘉鏵(CDP100000003) | L1: 調劑 | M1: 購買
A2: 藥代：LEND/LEN0 | B2: 管 制 藥 品 收 支 結 存 簿 冊 | J2: 名稱 | K2: 字號 | L2: 上期結存 | M2: 收入 | N2: 支出 | O2: 結存
A3: 藥品名稱 | B3: Lendormin 0.25mg | E3: 管制藥品成分及含量 | H3: Brotizolam 0.25mg | J3: =B3 -> Lendormin 0.25mg | K3: 025713 | L3: =H7 -> 510.5 | M3: =SUM(C$8:C$1048576) -> 1600 | N3: =SUM(F:F) -> 1972 | O3: =L3+M3-N3 -> 138.5
A4: 管制級別 | B4: 四 | E4: 製造廠名稱 | H4: 台灣百靈佳殷格翰股份有限公司
A5: 藥品許可證字號 | C5: 衛署藥輸字第025713號 | H5: 最小單位 | I5: 粒
A6: 日 期 | B6: 收支原因 | C6: 收入數量 | D6: 收入藥品批號 | F6: 支出數量 | H6: 結存數量 | I6: 備 註
A7: 115/01/01 | B7: 上期結存 | C7: 510.5 | H7: 510.5 | I7: 維元社區藥局 (BPP112000001)
A8: 115/01/01 | B8: 調劑 | F8: 30 | H8: =H7-F8 -> 480.5
A9: 115/01/02 | B9: 調劑 | F9: 14 | H9: =H8-F9 -> 466.5 | I9: 江
A10: 115/01/04 | B10: 調劑 | F10: 30 | H10: =H9-F10 -> 436.5
A11: 115/01/05 | B11: 調劑 | F11: 28 | H11: =H10-F11 -> 408.5
A12: 115/01/08 | B12: 調劑 | F12: 30 | H12: =H11-F12 -> 378.5
A13: 115/01/09 | B13: 調劑 | F13: 56 | H13: =H12-F13 -> 322.5
A14: 115/01/13 | B14: 調劑 | F14: 42 | H14: =H13-F14 -> 280.5
A15: 115/01/16 | B15: 調劑 | F15: 30 | H15: =H14-F15 -> 250.5
A16: 115/01/19 | B16: 調劑 | F16: 42 | H16: =H15-F16 -> 208.5 | I16: 嘉鏵CDP100000003
A17: 115/01/20 | B17: 調劑 | F17: 30 | H17: =H16-F17 -> 178.5
A18: 115/01/31 | B18: 調劑 | F18: 47 | H18: =H17-F18 -> 131.5
A19: 115/02/02 | B19: 調劑 | F19: 30 | H19: =H18-F19 -> 101.5
A20: 115/02/03 | B20: 調劑 | F20: 28 | H20: =H19-F20 -> 73.5 | I20: 嘉鏵CDP100000003
A21: 115/02/04 | B21: 購買 | C21: 400 | D21: 251040 | H21: 473.5 | I21: 嘉鏵CDP100000003
A22: 115/02/05 | B22: 調劑 | F22: 56 | H22: =H21-F22 -> 417.5
A23: 115/02/09 | B23: 調劑 | F23: 30 | H23: =H22-F23 -> 387.5
A24: 115/02/11 | B24: 調劑 | F24: 35 | H24: =H23-F24 -> 352.5
A25: 115/02/21 | B25: 調劑 | F25: 30 | H25: =H24-F25 -> 322.5
A26: 115/03/02 | B26: 調劑 | F26: 86 | H26: =H25-F26 -> 236.5
A27: 115/03/03 | B27: 調劑 | F27: 42 | H27: =H26-F27 -> 194.5
A28: 115/03/05 | B28: 調劑 | F28: 60 | H28: =H27-F28 -> 134.5
A29: 115/03/08 | B29: 調劑 | F29: 30 | H29: =H28-F29 -> 104.5 | I29: 嘉鏵CDP100000003
A30: 115/03/16 | B30: 調劑 | F30: 28 | H30: =H29-F30 -> 76.5
A31: 115/03/18 | B31: 購買 | C31: 300 | D31: 251042 | H31: 376.5 | I31: 嘉鏵CDP100000003
A32: 115/03/18 | B32: 調劑 | F32: 56 | H32: =H31-F32 -> 320.5
A33: 115/03/21 | B33: 調劑 | F33: 30 | H33: =H32-F33 -> 290.5
A34: 115/03/29 | B34: 調劑 | F34: 28 | H34: =H33-F34 -> 262.5
A35: 115/03/30 | B35: 購買 | C35: 300 | D35: 251043 | H35: 562.5 | I35: 江鎰QDA10600000101
A36: 115/04/01 | B36: 調劑 | F36: 30 | H36: =H35-F36 -> 532.5
A37: 115/04/06 | B37: 調劑 | F37: 28 | H37: =H36-F37 -> 504.5
A38: 115/04/07 | B38: 調劑 | F38: 30 | H38: =H37-F38 -> 474.5
A39: 115/04/08 | B39: 調劑 | F39: 30 | H39: =H38-F39 -> 444.5
A40: 115/04/10 | B40: 調劑 | F40: 28 | H40: =H39-F40 -> 416.5 | I40: 嘉鏵CDP100000003
A41: 115/04/14 | B41: 調劑 | F41: 30 | H41: =H40-F41 -> 386.5
A42: 115/04/15 | B42: 調劑 | F42: 56 | H42: =H41-F42 -> 330.5
A43: 115/04/22 | B43: 調劑 | F43: 42 | H43: =H42-F43 -> 288.5
A44: 115/04/24 | B44: 調劑 | F44: 30 | H44: =H43-F44 -> 258.5
A45: 115/04/27 | B45: 調劑 | F45: 14 | H45: =H44-F45 -> 244.5
A46: 115/05/07 | B46: 調劑 | F46: 58 | H46: =H45-F46 -> 186.5
A47: 115/05/08 | B47: 調劑 | F47: 30 | H47: =H46-F47 -> 156.5
A48: 115/05/11 | B48: 調劑 | F48: 44 | H48: =H47-F48 -> 112.5
A49: 115/05/13 | B49: 購買 | C49: 200 | D49: 251434 | H49: 312.5 | I49: 嘉鏵CDP100000003
A50: 115/05/13 | B50: 調劑 | F50: 28 | H50: =H49-F50 -> 284.5
A51: 115/05/16 | B51: 調劑 | F51: 30 | H51: =H50-F51 -> 254.5
A52: 115/05/24 | B52: 調劑 | F52: 28 | H52: =H51-F52 -> 226.5
A53: 115/05/27 | B53: 調劑 | F53: 7 | H53: =H52-F53 -> 219.5
A54: 115/06/02 | B54: 調劑 | F54: 30 | H54: =H53-F54 -> 189.5
A55: 115/06/06 | B55: 購買 | C55: 200 | D55: 251798 | H55: 389.5 | I55: 江鎰QDA10600000101
A56: 115/06/08 | B56: 調劑 | F56: 30 | H56: =H55-F56 -> 359.5
A57: 115/06/09 | B57: 調劑 | F57: 60 | H57: =H56-F57 -> 299.5
A58: 115/06/15 | B58: 調劑 | F58: 28 | H58: =H57-F58 -> 271.5
A59: 115/06/22 | B59: 調劑 | F59: 28 | H59: =H58-F59 -> 243.5
A60: 115/06/23 | B60: 調劑 | F60: 30 | H60: =H59-F60 -> 213.5
A61: 115/06/24 | B61: 調劑 | F61: 7 | H61: =H60-F61 -> 206.5
A62: 115/06/26 | B62: 調劑 | F62: 3 | H62: =H61-F62 -> 203.5
A63: 115/07/01 | B63: 調劑 | F63: 28 | H63: =H62-F63 -> 175.5
A64: 115/07/02 | B64: 調劑 | F64: 30 | H64: =H63-F64 -> 145.5
A65: 115/07/04 | B65: 調劑 | F65: 30 | H65: =H64-F65 -> 115.5
A66: 115/07/09 | B66: 調劑 | F66: 30 | H66: =H65-F66 -> 85.5 | I66: 江鎰QDA10600000101
A67: 115/07/09 | B67: 購買 | C67: 200 | D67: 251800 | H67: 285.5 | I67: 江鎰QDA10600000101
A68: 115/07/13 | B68: 調劑 | F68: 58 | H68: =H67-F68 -> 227.5
A69: 115/07/16 | B69: 調劑 | F69: 3 | H69: =H68-F69 -> 224.5
A70: 115/07/20 | B70: 調劑 | F70: 56 | H70: =H69-F70 -> 168.5
A71: 115/07/23 | B71: 調劑 | F71: 30 | H71: =H70-F71 -> 138.5

Sheet 43
A1: 【 醫療機構、藥局 】(第 四 級管制藥品)
A2: KIN1/ ALPR5/ KIN6 | B2: 管 制 藥 品 收 支 結 存 簿 冊 | J2: 名稱 | K2: 字號 | L2: 上期結存 | M2: 收入 | N2: 支出 | O2: 結存
A3: 藥品名稱 | B3: Kinax 0.5mg | E3: 管制藥品成分及含量 | H3: Alprazolam 0.5mg | J3: =B3 -> Kinax 0.5mg | K3: 042868 | L3: =H7 -> 2620 | M3: =SUM(C$8:C$1048576) -> 0 | N3: =SUM(F:F) -> 1764.5 | O3: =L3+M3-N3 -> 855.5
A4: 管制級別 | B4: 四 | E4: 製造廠名稱 | H4: 健喬信元醫藥生技股份有限公司
A5: 藥品許可證字號 | C5: 衛署藥製字第042686號 | H5: 最小單位 | I5: 粒
A6: 日 期 | B6: 收支原因 | C6: 收入數量 | D6: 收入藥品批號 | F6: 支出數量 | H6: 結存數量 | I6: 備 註
A7: 115/01/01 | B7: 上期結存 | C7: 2620 | H7: 2620 | I7: 維元社區藥局 (BPP103000001)
A8: 115/01/07 | B8: 調劑 | F8: 76 | H8: =H7-F8 -> 2544
A9: 115/01/08 | B9: 調劑 | F9: 50 | H9: =H8-F9 -> 2494
A10: 115/01/13 | B10: 調劑 | F10: 14 | H10: =H9-F10 -> 2480
A11: 115/01/19 | B11: 調劑 | F11: 60 | H11: =H10-F11 -> 2420
A12: 115/01/22 | B12: 調劑 | F12: 44 | H12: =H11-F12 -> 2376
A13: 115/01/25 | B13: 調劑 | F13: 28 | H13: =H12-F13 -> 2348
A14: 115/01/31 | B14: 調劑 | F14: 30 | H14: =H13-F14 -> 2318
A15: 115/02/05 | B15: 調劑 | F15: 30 | H15: =H14-F15 -> 2288
A16: 115/02/10 | B16: 調劑 | F16: 14 | H16: =H15-F16 -> 2274 | I16: 健喬
A17: 115/02/16 | B17: 調劑 | F17: 60 | H17: =H16-F17 -> 2214
A18: 115/02/25 | B18: 調劑 | F18: 58 | H18: =H17-F18 -> 2156
A19: 115/02/26 | B19: 調劑 | F19: 28 | H19: =H18-F19 -> 2128
A20: 115/03/01 | B20: 調劑 | F20: 3.5 | H20: =H19-F20 -> 2124.5
A21: 115/03/04 | B21: 調劑 | F21: 30 | H21: =H20-F21 -> 2094.5
A22: 115/03/05 | B22: 調劑 | F22: 90 | H22: =H21-F22 -> 2004.5
A23: 115/03/07 | B23: 調劑 | F23: 30 | H23: =H22-F23 -> 1974.5
A24: 115/03/13 | B24: 調劑 | F24: 60 | H24: =H23-F24 -> 1914.5 | I24: 健喬
A25: 115/03/17 | B25: 調劑 | F25: 28 | H25: =H24-F25 -> 1886.5
A26: 115/03/19 | B26: 調劑 | F26: 102 | H26: =H25-F26 -> 1784.5
A27: 115/03/31 | B27: 調劑 | F27: 30 | H27: =H26-F27 -> 1754.5
A28: 115/04/13 | B28: 調劑 | F28: 28 | H28: =H27-F28 -> 1726.5
A29: 115/04/14 | B29: 調劑 | F29: 60 | H29: =H28-F29 -> 1666.5
A30: 115/04/16 | B30: 調劑 | F30: 44 | H30: =H29-F30 -> 1622.5
A31: 115/04/27 | B31: 調劑 | F31: 62 | H31: =H30-F31 -> 1560.5
A32: 115/05/04 | B32: 調劑 | F32: 30 | H32: =H31-F32 -> 1530.5
A33: 115/05/12 | B33: 調劑 | F33: 28 | H33: =H32-F33 -> 1502.5
A34: 115/05/13 | B34: 調劑 | F34: 28 | H34: =H33-F34 -> 1474.5
A35: 115/05/15 | B35: 調劑 | F35: 56 | H35: =H34-F35 -> 1418.5
A36: 115/05/18 | B36: 調劑 | F36: 60 | H36: =H35-F36 -> 1358.5
... A47: 115/07/20 | B47: 調劑 | F47: 3 | H47: =H46-F47 -> 855.5

Sheet 44
A1: 【 醫療機構、藥局 】(第 四 級管制藥品)
A2: 藥代：XAN4 | B2: 管 制 藥 品 收 支 結 存 簿 冊 | J2: 名稱 | K2: 字號 | L2: 上期結存 | M2: 收入 | N2: 支出 | O2: 結存
A3: 藥品名稱 | B3: Xanax 0.25mg | E3: 管制藥品成分及含量 | H3: Alprazolam 0.25mg | J3: =B3 -> Xanax 0.25mg | K3: 021234 | L3: =H7 -> 92 | M3: =SUM(C$8:C$1048576) -> 60 | N3: =SUM(F:F) -> 28 | O3: =L3+M3-N3 -> 124
A4: 管制級別 | B4: 四 | E4: 製造廠名稱 | H4: 暉致醫藥股份有限公司
A5: 藥品許可證字號 | C5: 衛署藥輸字第021234號 | H5: 最小單位 | I5: 粒
A6: 日 期 | B6: 收支原因 | C6: 收入數量 | D6: 收入藥品批號 | F6: 支出數量 | H6: 結存數量 | I6: 備 註
A7: 115/01/01 | B7: 上期結存 | C7: 92 | H7: 92 | I7: 維元社區藥局 (BPP112000001)
A8: 115/03/23 | B8: 購買 | C8: 60 | D8: ME2473 | H8: 152 | I8: 嘉鏵
A9: 115/03/28 | B9: 調劑 | F9: 28 | H9: =H8-F9 -> 124
I11: 嘉鏵

Sheet 45
A1: 【 醫療機構、藥局 】(第 四 級管制藥品)
A2: 藥代：DAL | B2: 管 制 藥 品 收 支 結 存 簿 冊 | J2: 名稱 | K2: 字號 | L2: 上期結存 | M2: 收入 | N2: 支出 | O2: 結存
A3: 藥品名稱 | B3: Dalmadorm 30mg | E3: 管制藥品成分及含量 | H3: Flurazepam 30mg | J3: =B3 -> Dalmadorm 30mg | K3: 036677 | L3: =H7 -> 0 | M3: =SUM(C$8:C$1048576) -> 0 | N3: =SUM(F:F) -> 0 | O3: =L3+M3-N3 -> 0
A4: 管制級別 | B4: 四 | E4: 製造廠名稱 | H4: 新加坡商美納里尼醫藥有限公司台灣分公司
A5: 藥品許可證字號 | C5: 衛署藥製字第036677號 | H5: 最小單位 | I5: 粒
A6: 日 期 | B6: 收支原因 | C6: 收入數量 | D6: 收入藥品批號 | F6: 支出數量 | H6: 結存數量 | I6: 備 註
A7: 115/01/01 | B7: 上期結存 | C7: 0 | H7: 0 | I7: 維元社區藥局 (BPP112000001)

Sheet 46
A1: 【 醫療機構、藥局 】(第 四 級管制藥品)
A2: 藥代：LEX1 | B2: 管 制 藥 品 收 支 結 存 簿 冊 | J2: 名稱 | K2: 字號 | L2: 上期結存 | M2: 收入 | N2: 支出 | O2: 結存
A3: 藥品名稱 | B3: Lexotan 1.5mg | E3: 管制藥品成分及含量 | H3: Bromazepam 1.5mg | J3: =B3 -> Lexotan 1.5mg | K3: 004459 | L3: 0 | M3: =SUM(C:C) -> 0 | N3: =SUM(F:F) -> 0 | O3: =L3+M3-N3 -> 0
A4: 管制級別 | B4: 四 | E4: 製造廠名稱 | H4: 羅氏大藥廠有限股份公司
A5: 藥品許可證字號 | C5: 衛署藥輸字第004459號 | H5: 最小單位 | I5: 粒
A6: 日 期 | B6: 收支原因 | C6: 收入數量 | D6: 收入藥品批號 | F6: 支出數量 | H6: 結存數量 | I6: 備 註
A7: 115/01/01 | B7: 上期結存 | C7: 0 | H7: 0

Sheet 47
A1: 【 醫療機構、藥局 】(第 四 級管制藥品)
A2: 藥代：SEC/SEC1 | B2: 管 制 藥 品 收 支 結 存 簿 冊 | J2: 名稱 | K2: 字號 | L2: 上期結存 | M2: 收入 | N2: 支出 | O2: 結存
A3: 藥品名稱 | B3: Secorin 10mg | E3: 管制藥品成分及含量 | H3: Oxazolam 10mg | J3: =B3 -> Secorin 10mg | K3: 028649 | L3: 0 | M3: =SUM(C:C) -> 396 | N3: =SUM(F:F) -> 286 | O3: =L3+M3-N3 -> 110
A4: 管制級別 | B4: 四 | E4: 製造廠名稱 | H4: 生達化學製藥股份有限公司
A5: 藥品許可證字號 | C5: 衛署藥製字第028649號 | H5: 最小單位 | I5: 粒
A6: 日 期 | B6: 收支原因 | C6: 收入數量 | D6: 收入藥品批號 | F6: 支出數量 | H6: 結存數量 | I6: 備 註
A7: 115/01/01 | B7: 上期結存 | C7: 76 | H7: 76 | I7: 維元社區藥局 (BPP103000001)
A8: 115/01/01 | B8: 調劑 | F8: 56 | H8: =H7-F8 -> 20 | I8: 江
A9: 115/02/13 | B9: 購買 | C9: 100 | D9: TS150281 | H9: 120 | I9: 嘉鏵CDP100000003
A10: 115/02/27 | B10: 調劑 | F10: 56 | H10: =H9-F10 -> 64
A11: 115/03/29 | B11: 調劑 | F11: 56 | H11: =H10-F11 -> 8
A12: 115/04/16 | B12: 調劑 | F12: 6 | H12: =H11-F12 -> 2
A13: 115/04/21 | B13: 購買 | C13: 100 | D13: TS150283 | H13: 102 | I13: 嘉鏵CDP100000003
A14: 115/05/13 | B14: 購買 | C14: 120 | D14: TS150283 | H14: 222 | I14: 嘉鏵CDP100000003
A15: 115/05/22 | B15: 調劑 | F15: 56 | H15: =H14-F15 -> 166
A16: 115/06/16 | B16: 調劑 | F16: 56 | H16: =H15-F16 -> 110

Sheet 48
A1: 【 醫療機構、藥局 】(第 四 級管制藥品)
A2: 藥代：STI2 | B2: 管 制 藥 品 收 支 結 存 簿 冊 | J2: 名稱 | K2: 字號 | L2: 上期結存 | M2: 收入 | N2: 支出 | O2: 結存
A3: 藥品名稱 | B3: Stilnox C.R 6.25 mg | E3: 管制藥品成分及含量 | H3: Zolpidem 6.25mg | J3: =B3 -> Stilnox C.R 6.25 mg | K3: 024677 | L3: =H7 -> 0 | M3: =SUM(C:C) -> 112 | N3: =SUM(F:F) -> 56 | O3: =L3+M3-N3 -> 56
A4: 管制級別 | B4: 四 | E4: 製造廠名稱 | H4: 台灣安斯泰來製藥股份有限公司
A5: 藥品許可證字號 | C5: 衛署藥輸字第024677號 | H5: 最小單位 | I5: 粒
A6: 日 期 | B6: 收支原因 | C6: 收入數量 | D6: 收入藥品批號 | F6: 支出數量 | H6: 結存數量 | I6: 備 註
A7: 115/01/01 | B7: 上期結存 | C7: 0 | H7: 0 | I7: 維元社區藥局 (BPP103000001)
A8: 115/01/04 | B8: 購買 | C8: 56 | D8: KT1869 | H8: 56 | I8: 嘉鏵CDP100000003
A9: 115/01/08 | B9: 調劑 | F9: 28 | H9: 28
A10: 115/02/05 | B10: 調劑 | F10: 28 | H10: =H9-F10 -> 0 | I10: 嘉鏵CDP100000003
A11: 115/04/01 | B11: 購買 | C11: 56 | D11: LT0445 | H11: 56 | I11: 嘉鏵CDP100000003
I14: 嘉鏵CDP100000003

Sheet 49
A1: 【 醫療機構、藥局 】(第 四 級管制藥品)
A2: 藥代：GEN4 | B2: 管 制 藥 品 收 支 結 存 簿 冊 | J2: 名稱 | K2: 字號 | L2: 上期結存 | M2: 收入 | N2: 支出 | O2: 結存
A3: 藥品名稱 | B3: Gendergin S.R 1mg | E3: 管制藥品成分及含量 | H3: Alprazolam 1mg | J3: =B3 -> Gendergin S.R 1mg | K3: 044011 | L3: 0 | M3: =SUM(C:C) -> 0 | N3: =SUM(F:F) -> 0 | O3: =L3+M3-N3 -> 0
A4: 管制級別 | B4: 四 | E4: 製造廠名稱 | H4: 健亞生物科技股份有限公司
A5: 藥品許可證字號 | C5: 衛署藥製字第044011號 | H5: 最小單位 | I5: 粒
A6: 日 期 | B6: 收支原因 | C6: 收入數量 | D6: 收入藥品批號 | F6: 支出數量 | H6: 結存數量 | I6: 備 註
A7: 115/01/01 | B7: 上期結存 | C7: 0 | H7: 0

Sheet 50
A1: 【 醫療機構、藥局 】(第 四 級管制藥品)
A2: 藥代：ANX9 | B2: 管 制 藥 品 收 支 結 存 簿 冊 | J2: 名稱 | K2: 字號 | L2: 上期結存 | M2: 收入 | N2: 支出 | O2: 結存
A3: 藥品名稱 | B3: ANXIEDIN 1MG | E3: 管制藥品成分及含量 | H3: LORAZEPAM 1.000MG | J3: =B3 -> ANXIEDIN 1MG | K3: 024885 | L3: =H7 -> 28 | M3: =SUM(C$8:C$1048576) -> 1140 | N3: =SUM(F:G) -> 1061 | O3: =L3+M3-N3 -> 107
A4: 管制級別 | B4: 四 | E4: 製造廠名稱 | H4: 健喬信元醫藥生技股份有限公司
A5: 藥品許可證字號 | C5: 衛署藥輸字第024885號 | H5: 最小單位 | I5: 粒
A6: 日 期 | B6: 收支原因 | C6: 收入數量 | D6: 收入藥品批號 | F6: 支出數量 | H6: 結存數量 | I6: 備 註
A7: 115/01/01 | B7: 上期結存 | C7: 28 | H7: 28 | I7: 維元社區藥局 (BPP112000001)
A8: 115/01/04 | B8: 購買 | C8: 60 | D8: HK257 | H8: 88 | I8: 嘉鏵CDP100000003
A9: 115/01/05 | B9: 購買 | C9: 60 | D9: HK257 | H9: 148 | I9: 嘉鏵CDP100000003
A10: 115/01/07 | B10: 調劑 | F10: 28 | H10: =H9-F10 -> 120
A11: 115/01/20 | B11: 調劑 | F11: 30 | H11: =H10-F11 -> 90
A12: 115/02/02 | B12: 調劑 | F12: 28 | H12: =H11-F12 -> 62
A13: 115/02/06 | B13: 購買 | C13: 100 | D13: HK256 | H13: 162 | I13: 江鎰
A14: 115/02/23 | B14: 調劑 | F14: 30 | H14: =H13-F14 -> 132 | I14: 嘉鏵CDP100000003
A15: 115/03/23 | B15: 購買 | C15: 100 | D15: HK331 | H15: 232 | I15: 嘉鏵CDP100000003
A16: 115/03/24 | B16: 調劑 | F16: 56 | H16: =H15-F16 -> 176
A17: 115/03/25 | B17: 調劑 | F17: 28 | H17: =H16-F17 -> 148
A18: 115/03/28 | B18: 調劑 | F18: 33 | H18: =H17-F18 -> 115 | I18: 嘉鏵
A19: 115/03/30 | B19: 調劑 | F19: 14 | H19: =H18-F19 -> 101
A20: 115/04/06 | B20: 購買 | C20: 100 | D20: HK263 | H20: 201 | I20: 嘉鏵CDP100000003
A21: 115/04/08 | B21: 調劑 | F21: 28 | H21: =H20-F21 -> 173 | I21: 嘉鏵CDP100000003
A22: 115/04/13 | B22: 調劑 | F22: 14 | H22: =H21-F22 -> 159
A23: 115/04/20 | B23: 調劑 | F23: 14 | H23: =H22-F23 -> 145
A24: 115/04/21 | B24: 調劑 | F24: 60 | H24: =H23-F24 -> 85 | I24: 嘉鏵
A25: 115/04/27 | B25: 調劑 | F25: 28 | H25: =H24-F25 -> 57
A26: 115/04/30 | B26: 調劑 | F26: 30 | H26: =H25-F26 -> 27
A27: 115/04/30 | B27: 購買 | C27: 200 | D27: HK332 | H27: 227 | I27: 嘉鏵
A28: 115/05/08 | B28: 調劑 | F28: 28 | H28: =H27-F28 -> 199
A29: 115/05/15 | B29: 調劑 | F29: 56 | H29: =H28-F29 -> 143
A30: 115/05/17 | B30: 調劑 | F30: 14 | H30: =H29-F30 -> 129
A31: 115/05/19 | B31: 調劑 | F31: 30 | H31: =H30-F31 -> 99
A32: 115/05/22 | B32: 調劑 | F32: 30 | H32: =H31-F32 -> 69
A33: 115/06/01 | B33: 調劑 | F33: 28 | H33: =H32-F33 -> 41
A34: 115/06/05 | B34: 調劑 | F34: 30 | H34: =H33-F34 -> 11
A35: 115/06/09 | B35: 購買 | C35: 100 | D35: HL009 | H35: 111 | I35: 嘉鏵
A36: 115/06/11 | B36: 調劑 | F36: 14 | H36: =H35-F36 -> 97
A37: 115/06/17 | B37: 調劑 | F37: 14 | H37: =H36-F37 -> 83
A38: 115/06/27 | B38: 調劑 | F38: 30 | H38: =H37-F38 -> 53
A39: 115/07/02 | B39: 購買 | C39: 100 | D39: HL075 | H39: 153 | I39: 嘉鏵
A40: 115/07/05 | B40: 購買 | C40: 120 | D40: HL075 | H40: 273 | I40: 嘉鏵CDP100000003
A41: 115/07/12 | B41: 調劑 | F41: 28 | H41: =H40-F41 -> 245
A42: 115/07/13 | B42: 調劑 | F42: 98 | H42: =H41-F42 -> 147
A43: 115/07/19 | B43: 調劑 | F43: 180 | H43: =H42-F43 -> -33
A44: 115/07/20 | B44: 購買 | C44: 200 | D44: HL075 | H44: 167 | I44: 嘉鏵
A45: 115/07/21 | B45: 調劑 | F45: 60 | H45: =H44-F45 -> 107

Sheet 51
A1: 【 醫療機構、藥局 】(第 四 級管制藥品)
A2: 藥代：DIA8 | B2: 管 制 藥 品 收 支 結 存 簿 冊 | J2: 名稱 | K2: 字號 | L2: 上期結存 | M2: 收入 | N2: 支出 | O2: 結存
A3: 藥品名稱 | B3: Diapine 2mg | E3: 管制藥品成分及含量 | H3: Diazepam 2mg | J3: =B3 -> Diapine 2mg | K3: 004875 | L3: 0 | M3: =SUM(C:C) -> 0 | N3: =SUM(F:F) -> 0 | O3: =L3+M3-N3 -> 0
A4: 管制級別 | B4: 四 | E4: 製造廠名稱 | H4: 強生化學製藥廠股份有限公司
A5: 藥品許可證字號 | C5: 內衛藥製字第004875號 | H5: 最小單位 | I5: 粒
A6: 日 期 | B6: 收支原因 | C6: 收入數量 | D6: 收入藥品批號 | F6: 支出數量 | H6: 結存數量 | I6: 備 註
A7: 115/01/01 | B7: 上期結存 | C7: 0 | H7: 0

Sheet 52
A1: 【 醫療機構、藥局 】(第 四 級管制藥品)
A2: 藥代：PHE | B2: 管 制 藥 品 收 支 結 存 簿 冊 | J2: 名稱 | K2: 字號 | L2: 上期結存 | M2: 收入 | N2: 支出 | O2: 結存
A3: 藥品名稱 | B3: Phenobarbital 30mg | E3: 管制藥品成分及含量 | H3: Phenobarbital 30mg | J3: =B3 -> Phenobarbital 30mg | K3: 001736 | L3: =H7 -> 2 | M3: =SUM(C$8:C$1048576) -> 0 | N3: =SUM(F:F) -> 2 | O3: =L3+M3-N3 -> 0
A4: 管制級別 | B4: 四 | E4: 製造廠名稱 | H4: 應元化學製藥股份有限公司
A5: 藥品許可證字號 | C5: 內衛藥製字第013419號 | H5: 最小單位 | I5: 粒
A6: 日 期 | B6: 收支原因 | C6: 收入數量 | D6: 收入藥品批號 | F6: 支出數量 | H6: 結存數量 | I6: 備 註
A7: 115/01/01 | B7: 上期結存 | C7: 2 | H7: 2 | I7: 維元社區藥局 (BPP112000001)
A8: 115/01/07 | B8: 調劑 | F8: 2 | H8: =H7-F8 -> 0

Sheet 53
A1: 【 醫療機構、藥局 】(第 四 級管制藥品) | J1: 嘉鏵(CDP100000003) | K1: 江鎰QDA10600000101 | L1: 調劑 | M1: 購買
A2: 藥代：KIN2/KIN5 | B2: 管 制 藥 品 收 支 結 存 簿 冊 | J2: 名稱 | K2: 字號 | L2: 上期結存 | M2: 收入 | N2: 支出 | O2: 結存
A3: 藥品名稱 | B3: Kinzolam 2mg | E3: 管制藥品成分及含量 | H3: Estazolam 2mg | J3: =B3 -> Kinzolam 2mg | K3: 044029 | L3: =H7 -> 2 | M3: =SUM(C$8:C$1048576) -> 170 | N3: =SUM(F:F) -> 140 | O3: =L3+M3-N3 -> 32
A4: 管制級別 | B4: 四 | E4: 製造廠名稱 | H4: 中國化學製藥股份有限公司新豐工廠
A5: 藥品許可證字號 | C5: 衛署藥製字第044029號 | H5: 最小單位 | I5: 粒
A6: 日 期 | B6: 收支原因 | C6: 收入數量 | D6: 收入藥品批號 | F6: 支出數量 | H6: 結存數量 | I6: 備 註
A7: 115/01/01 | B7: 上期結存 | C7: 2 | H7: 2 | I7: 維元社區藥局 (BPP112000001)
A8: 115/01/28 | B8: 購買 | C8: 60 | D8: C64-0045 | H8: 62 | I8: 嘉鏵CDP100000003
A9: 115/02/11 | B9: 調劑 | F9: 28 | H9: =H8-F9 -> 34
A10: 115/03/13 | B10: 調劑 | F10: 28 | H10: =H9-F10 -> 6 | I10: 嘉鏵
A11: 115/04/21 | B11: 購買 | C11: 30 | D11: C64-0046 | H11: 36 | I11: 嘉鏵
A12: 115/05/02 | B12: 調劑 | F12: 28 | H12: =H11-F12 -> 8 | I12: 嘉鏵CDP100000003
A13: 115/05/06 | B13: 購買 | C13: 20 | D13: C64-0046 | H13: 28 | I13: 嘉鏵CDP100000003
A14: 115/06/03 | B14: 調劑 | F14: 28 | H14: =H13-F14 -> 0 | I14: 嘉鏵
A15: 115/07/06 | B15: 購買 | C15: 60 | D15: C64-0048 | H15: 60 | I15: 江鎰QDA10600000101
A16: 115/07/21 | B16: 調劑 | F16: 28 | H16: =H15-F16 -> 32

Sheet 54
A1: 【 醫療機構、藥局 】(第 四 級管制藥品)
A2: 藥代：ALPR3 | B2: 管 制 藥 品 收 支 結 存 簿 冊 | J2: 名稱 | K2: 字號 | L2: 上期結存 | M2: 收入 | N2: 支出 | O2: 結存
A3: 藥品名稱 | B3: Vanipen 0.5mg | E3: 管制藥品成分及含量 | H3: Alprazolam 0.5mg | J3: =B3 -> Vanipen 0.5mg | K3: 044546 | L3: 0 | M3: =SUM(C:C) -> 0 | N3: =SUM(F:F) -> 0 | O3: =L3+M3-N3 -> 0
A4: 管制級別 | B4: 四 | E4: 製造廠名稱 | H4: 永信藥品工業股份有限公司
A5: 藥品許可證字號 | C5: 衛署藥製字第044546號 | H5: 最小單位 | I5: 粒
A6: 日 期 | B6: 收支原因 | C6: 收入數量 | D6: 收入藥品批號 | F6: 支出數量 | H6: 結存數量 | I6: 備 註
A7: 115/01/01 | B7: 上期結存 | C7: 0 | H7: 0

Sheet 55
A1: 【 醫療機構、藥局 】(第 四 級管制藥品)
A2: 藥代：GEN5/GENA | B2: 管 制 藥 品 收 支 結 存 簿 冊 | J2: 名稱 | K2: 字號 | L2: 上期結存 | M2: 收入 | N2: 支出 | O2: 結存
A3: 藥品名稱 | B3: Genclone 7.5mg | E3: 管制藥品成分及含量 | H3: Zopiclone 7.5mg | J3: =B3 -> Genclone 7.5mg | K3: A043460 | L3: =H7 -> 84 | M3: =SUM(C$8:C$1048576) -> 260 | N3: =SUM(F:F) -> 280 | O3: =L3+M3-N3 -> 64
A4: 管制級別 | B4: 四 | E4: 製造廠名稱 | H4: 健亞生物科技股份有限公司
A5: 藥品許可證字號 | C5: 衛署藥字製第043460號 | H5: 最小單位 | I5: 粒
A6: 日 期 | B6: 收支原因 | C6: 收入數量 | D6: 收入藥品批號 | F6: 支出數量 | H6: 結存數量 | I6: 備 註
A7: 115/01/01 | B7: 上期結存 | C7: 84 | H7: 84 | I7: 維元社區藥局 (BPP112000001)
A8: 115/01/13 | B8: 調劑 | F8: 56 | H8: =H7-F8 -> 28
A9: 115/02/27 | B9: 購買 | C9: 60 | D9: BEA791 | H9: 88 | I9: 嘉鏵
A10: 115/03/11 | B10: 調劑 | F10: 56 | H10: =H9-F10 -> 32
A11: 115/03/23 | B11: 購買 | C11: 30 | D11: BEA791 | H11: 62 | I11: 嘉鏵CDP10000003
A12: 115/04/09 | B12: 調劑 | F12: 56 | H12: =H11-F12 -> 6
A13: 115/05/20 | B13: 購買 | C13: 70 | D13: BEG601 | H13: 76 | I13: 嘉鏵
A14: 115/06/01 | B14: 調劑 | F14: 56 | H14: =H13-F14 -> 20 | I14: 嘉鏵CDP100000003
A15: 115/06/17 | B15: 購買 | C15: 100 | D15: BEL531 | H15: 120
A16: 115/06/27 | B16: 調劑 | F16: 56 | H16: =H15-F16 -> 64

Sheet 56
A1: 【 醫療機構、藥局 】(第 四 級管制藥品)
A2: 藥代：CAL4 | B2: 管 制 藥 品 收 支 結 存 簿 冊 | J2: 名稱 | K2: 字號 | L2: 上期結存 | M2: 收入 | N2: 支出 | O2: 結存
A3: 藥品名稱 | B3: Calmday 5mg | E3: 管制藥品成分及含量 | H3: Nordazepam 5mg | J3: =B3 -> Calmday 5mg | K3: 016477 | L3: 0 | M3: =SUM(C:C) -> 0 | N3: =SUM(F:F) -> 0 | O3: =L3+M3-N3 -> 0
A4: 管制級別 | B4: 四 | E4: 製造廠名稱 | H4: 吉富貿易有限公司
A5: 藥品許可證字號 | C5: 衛署藥輸字第016477號 | H5: 最小單位 | I5: 粒
A6: 日 期 | B6: 收支原因 | C6: 收入數量 | D6: 收入藥品批號 | F6: 支出數量 | H6: 結存數量 | I6: 備 註
A7: 115/01/01 | B7: 上期結存 | C7: 0 | H7: 0

Sheet 57
A1: 【 醫療機構、藥局 】(第 四 級管制藥品)
A2: 藥代： | B2: 管 制 藥 品 收 支 結 存 簿 冊 | J2: 名稱 | K2: 字號 | L2: 上期結存 | M2: 收入 | N2: 支出 | O2: 結存
A3: 藥品名稱 | E3: 管制藥品成分及含量 | J3: =B3 -> 0 | L3: 0 | M3: 0 | N3: 0 | O3: 0
A4: 管制級別 | B4: 四 | E4: 製造廠名稱
A5: 藥品許可證字號 | H5: 最小單位 | I5: 粒
A6: 日 期 | B6: 收支原因 | C6: 收入數量 | D6: 收入藥品批號 | F6: 支出數量 | H6: 結存數量 | I6: 備 註
A7: 115/01/01 | B7: 上期結存 | C7: 0 | H7: 0

Sheet 58
A1: 【 醫療機構、藥局 】(第 四 級管制藥品)
A2: 藥代：ANX1 | B2: 管 制 藥 品 收 支 結 存 簿 冊 | J2: 名稱 | K2: 字號 | L2: 上期結存 | M2: 收入 | N2: 支出 | O2: 結存
A3: 藥品名稱 | B3: Anxiedin 0.5mg | E3: 管制藥品成分及含量 | H3: Lorazepam 0.5mg | J3: =B3 -> Anxiedin 0.5mg | K3: 024463 | L3: =H7 -> 64 | M3: =SUM(C$8:C$1048576) -> 100 | N3: =SUM(F:F) -> 0 | O3: =L3+M3-N3 -> 164
A4: 管制級別 | B4: 四 | E4: 製造廠名稱 | H4: 優良化學製藥股份有限公司
A5: 藥品許可證字號 | C5: 衛署藥製字第024463號 | H5: 最小單位 | I5: 粒
A6: 日 期 | B6: 收支原因 | C6: 收入數量 | D6: 收入藥品批號 | F6: 支出數量 | H6: 結存數量 | I6: 備 註
A7: 115/01/01 | B7: 上期結存 | C7: 64 | H7: 64 | I7: 維元社區藥局 (BPP112000001)
A8: 115/02/06 | B8: 購買 | C8: 100 | D8: HK112 | H8: 164 | I8: 江鎰

Sheet 59
A1: 【 醫療機構、藥局 】(第 四 級管制藥品)
A2: 藥代：ERA-4 /ERI | B2: 管 制 藥 品 收 支 結 存 簿 冊 | J2: 名稱 | K2: 字號 | L2: 上期結存 | M2: 收入 | N2: 支出 | O2: 結存
A3: 藥品名稱 | B3: Erispan-S 0.25mg | E3: 管制藥品成分及含量 | H3: Fludiazepam 0.25mg | J3: =B3 -> Erispan-S 0.25mg | K3: A046729 | L3: =SUM(H7) -> 860.5 | M3: =SUM(C$8:C$1048576) -> 6000 | N3: =SUM(F:F) -> 5210 | O3: =L3+M3-N3 -> 1650.5
A4: 管制級別 | B4: 四 | E4: 製造廠名稱 | H4: 強生化學製藥廠股份有限公司
A5: 藥品許可證字號 | C5: 衛署藥製字第046729號 | H5: 最小單位 | I5: 粒
A6: 日 期 | B6: 收支原因 | C6: 收入數量 | D6: 收入藥品批號 | F6: 支出數量 | H6: 結存數量 | I6: 備 註
A7: 115/01/01 | B7: 上期結存 | C7: 860.5 | H7: 860.5 | I7: 維元社區藥局 (BPP112000001)
A8: 115/01/01 | B8: 調劑 | F8: 56 | H8: =H7-F8 -> 804.5
A9: 115/01/02 | B9: 調劑 | F9: 28 | H9: =H8-F9 -> 776.5
A10: 115/01/05 | B10: 調劑 | F10: 58 | H10: =H9-F10 -> 718.5
A11: 115/01/06 | B11: 調劑 | F11: 28 | H11: =H10-F11 -> 690.5
A12: 115/01/08 | B12: 調劑 | F12: 30 | H12: =H11-F12 -> 660.5
A13: 115/01/09 | B13: 調劑 | F13: 114 | H13: =H12-F13 -> 546.5
A14: 115/01/10 | B14: 調劑 | F14: 60 | H14: =H13-F14 -> 486.5
A15: 115/01/12 | B15: 調劑 | F15: 15 | H15: =H14-F15 -> 471.5
A16: 115/01/13 | B16: 調劑 | F16: 9 | H16: =H15-F16 -> 462.5
A17: 115/01/14 | B17: 調劑 | F17: 75 | H17: =H16-F17 -> 387.5
A18: 115/01/15 | B18: 調劑 | F18: 34.5 | H18: =H17-F18 -> 353
A19: 115/01/15 | B19: 購買 | C19: 1000 | D19: TE230104 | H19: 1353 | I19: 生達PDP09300000303
A20: 115/01/17 | B20: 調劑 | F20: 30 | H20: =H19-F20 -> 1323
A21: 115/01/19 | B21: 調劑 | F21: 30 | H21: =H20-F21 -> 1293 | I21: 生達PDP09300000303
A22: 115/01/22 | B22: 調劑 | F22: 30 | H22: =H21-F22 -> 1263
A23: 115/01/23 | B23: 調劑 | F23: 30 | H23: =H22-F23 -> 1233
A24: 115/01/24 | B24: 調劑 | F24: 60 | H24: =H23-F24 -> 1173
A25: 115/01/28 | B25: 調劑 | F25: 30 | H25: =H24-F25 -> 1143
A26: 115/01/29 | B26: 調劑 | F26: 28 | H26: =H25-F26 -> 1115
A27: 115/01/30 | B27: 調劑 | F27: 86 | H27: =H26-F27 -> 1029
A28: 115/01/31 | B28: 調劑 | F28: 30 | H28: =H27-F28 -> 999
A29: 115/02/02 | B29: 調劑 | F29: 59 | H29: =H28-F29 -> 940
A30: 115/02/03 | B30: 調劑 | F30: 30 | H30: =H29-F30 -> 910
A31: 115/02/05 | B31: 調劑 | F31: 114 | H31: =H30-F31 -> 796
A32: 115/02/06 | B32: 調劑 | F32: 101 | H32: =H31-F32 -> 695
A33: 115/02/07 | B33: 調劑 | F33: 30 | H33: =H32-F33 -> 665
... A42: 115/03/03 | B42: 調劑 | F42: 32.5 | H42: =H41-F42 -> 335.5
A43: 115/03/04 | B43: 購買 | C43: 1000 | D43: TE230105 | H43: 1335.5 | I43: 生達PDP09300000303
A44: 115/03/05 | B44: 調劑 | F44: 58 | H44: =H43-F44 -> 1277.5
A45: 115/03/09 | B45: 調劑 | F45: 114 | H45: =H44-F45 -> 1163.5 | I45: 嘉鏵
A46: 115/03/12 | B46: 調劑 | F46: 15 | H46: =H45-F46 -> 1148.5
A47: 115/03/13 | B47: 調劑 | F47: 15 | H47: =H46-F47 -> 1133.5
A48: 115/03/15 | B48: 調劑 | F48: 30 | H48: =H47-F48 -> 1103.5
A49: 115/03/16 | B49: 調劑 | F49: 60 | H49: =H48-F49 -> 1043.5
A50: 115/03/17 | B50: 調劑 | F50: 30 | H50: =H49-F50 -> 1013.5
A51: 115/03/18 | B51: 調劑 | F51: 84 | H51: =H50-F51 -> 929.5
A52: 115/03/21 | B52: 調劑 | F52: 58 | H52: =H51-F52 -> 871.5 | I52: 生達PDP09300000303
A53: 115/03/27 | B53: 調劑 | F53: 30 | H53: =H52-F53 -> 841.5
A54: 115/03/28 | B54: 調劑 | F54: 60 | H54: =H53-F54 -> 781.5
A55: 115/03/30 | B55: 調劑 | F55: 60 | H55: =H54-F55 -> 721.5
A56: 115/03/31 | B56: 調劑 | F56: 95 | H56: =H55-F56 -> 626.5
A57: 115/04/03 | B57: 調劑 | F57: 56 | H57: =H56-F57 -> 570.5
A58: 115/04/04 | B58: 調劑 | F58: 28 | H58: =H57-F58 -> 542.5
A59: 115/04/06 | B59: 調劑 | F59: 30 | H59: =H58-F59 -> 512.5
A60: 115/04/07 | B60: 調劑 | F60: 28 | H60: =H59-F60 -> 484.5
A61: 115/04/08 | B61: 調劑 | F61: 5 | H61: =H60-F61 -> 479.5
A62: 115/04/09 | B62: 調劑 | F62: 60 | H62: =H61-F62 -> 419.5
A63: 115/04/11 | B63: 調劑 | F63: 15 | H63: =H62-F63 -> 404.5
A64: 115/04/12 | B64: 調劑 | F64: 5 | H64: =H63-F64 -> 399.5
... A69: 115/04/21 | B69: 調劑 | F69: 30 | H69: =H68-F69 -> 148
A70: 115/04/21 | B70: 購買 | C70: 1000 | D70: TE230108 | H70: 1148
A71: 115/04/22 | B71: 調劑 | F71: 64.5 | H71: =H70-F71 -> 1083.5
A72: 115/04/23 | B72: 調劑 | F72: 30 | H72: =H71-F72 -> 1053.5
A73: 115/04/23 | B73: 購買 | C73: 1000 | D73: TE230108 | H73: 2053.5 | I73: 生達PDP09300000303
A74: 115/04/26 | B74: 調劑 | F74: 4.5 | H74: =H73-F74 -> 2049
A75: 115/04/27 | B75: 調劑 | F75: 30 | H75: =H74-F75 -> 2019
A76: 115/04/28 | B76: 調劑 | F76: 28 | H76: =H75-F76 -> 1991
A77: 115/04/29 | B77: 調劑 | F77: 30 | H77: =H76-F77 -> 1961
A78: 115/05/01 | B78: 調劑 | F78: 86 | H78: =H77-F78 -> 1875
A79: 115/05/02 | B79: 調劑 | F79: 60 | H79: =H78-F79 -> 1815
A80: 115/05/04 | B80: 調劑 | F80: 58 | H80: =H79-F80 -> 1757
A81: 115/05/07 | B81: 調劑 | F81: 15 | H81: =H80-F81 -> 1742
A82: 115/05/08 | B82: 調劑 | F82: 58 | H82: =H81-F82 -> 1684
A83: 115/05/11 | B83: 調劑 | F83: 15 | H83: =H82-F83 -> 1669
A84: 115/05/12 | B84: 調劑 | F84: 39 | H84: =H83-F84 -> 1630
A85: 115/05/13 | B85: 調劑 | F85: 86 | H85: =H84-F85 -> 1544
... A94: 115/05/28 | B94: 調劑 | F94: 60 | H94: =H93-F94 -> 1238.5
A95: 115/05/29 | B95: 調劑 | F95: 90 | H95: =H94-F95 -> 1148.5 | I95: 生達PDP09300000303
A96: 115/06/02 | B96: 調劑 | F96: 30 | H96: =H95-F96 -> 1118.5
A97: 115/06/03 | B97: 調劑 | F97: 142 | H97: =H96-F97 -> 976.5
A98: 115/06/05 | B98: 調劑 | F98: 15 | H98: =H97-F98 -> 961.5
A99: 115/06/08 | B99: 調劑 | F99: 58 | H99: =H98-F99 -> 903.5
A100: 115/06/09 | B100: 調劑 | F100: 56 | H100: =H99-F100 -> 847.5
A101: 115/06/12 | B101: 調劑 | F101: 30 | H101: =H100-F101 -> 817.5
A102: 115/06/13 | B102: 調劑 | F102: 15 | H102: =H101-F102 -> 802.5
A103: 115/06/14 | B103: 調劑 | F103: 28 | H103: =H102-F103 -> 774.5
A104: 115/06/15 | B104: 調劑 | F104: 30 | H104: =H103-F104 -> 744.5
A105: 115/06/17 | B105: 調劑 | F105: 30 | H105: =H104-F105 -> 714.5
A106: 115/06/18 | B106: 調劑 | F106: 28 | H106: =H105-F106 -> 686.5
A107: 115/06/19 | B107: 調劑 | F107: 30 | H107: =H106-F107 -> 656.5
... A116: 115/07/01 | B116: 調劑 | F116: 37.5 | H116: =H115-F116 -> 244.5
A117: 115/07/01 | B117: 購買 | C117: 2000 | D117: TE230109 | H117: =H116-F117+C117 -> 2244.5 | I117: PDP09300000304
A118: 115/07/03 | B118: 調劑 | F118: 30 | H118: =H117-F118 -> 2214.5
A119: 115/07/04 | B119: 調劑 | F119: 30 | H119: =H118-F119 -> 2184.5
A120: 115/07/06 | B120: 調劑 | F120: 33 | H120: =H119-F120 -> 2151.5
A121: 115/07/07 | B121: 調劑 | F121: 60 | H121: =H120-F121 -> 2091.5
A122: 115/07/08 | B122: 調劑 | F122: 90.5 | H122: =H121-F122 -> 2001
A123: 115/07/12 | B123: 調劑 | F123: 28 | H123: =H122-F123 -> 1973
A124: 115/07/13 | B124: 調劑 | F124: 34.5 | H124: =H123-F124 -> 1938.5
A125: 115/07/14 | B125: 調劑 | F125: 6 | H125: =H124-F125 -> 1932.5
A126: 115/07/15 | B126: 調劑 | F126: 7 | H126: =H125-F126 -> 1925.5
A127: 115/07/16 | B127: 調劑 | F127: 15 | H127: =H126-F127 -> 1910.5
A128: 115/07/17 | B128: 調劑 | F128: 28 | H128: =H127-F128 -> 1882.5
...

Sheet 60
A1: 【 醫療機構、藥局 】(第 四 級管制藥品)
A2: 藥代：DUP0 | B2: 管 制 藥 品 收 支 結 存 簿 冊 | J2: 名稱 | K2: 字號 | L2: 上期結存 | M2: 收入 | N2: 支出 | O2: 結存
A3: 藥品名稱 | B3: Dupin 5mg | E3: 管制藥品成分及含量 | H3: Diazepam 5mg | J3: =B3 -> Dupin 5mg | K3: 010468 | L3: =H7 -> 0 | M3: =SUM(C$8:C$1048576) -> 0 | N3: =SUM(F:F) -> 0 | O3: =L3+M3-N3 -> 0
A4: 管制級別 | B4: 四 | E4: 製造廠名稱 | H4: 中國化學製藥股份有限公司新豐工廠
A5: 藥品許可證字號 | C5: 內衛藥製字第010468號 | H5: 最小單位 | I5: 粒
A6: 日 期 | B6: 收支原因 | C6: 收入數量 | D6: 收入藥品批號 | F6: 支出數量 | H6: 結存數量 | I6: 備 註
A7: 115/01/01 | B7: 上期結存 | C7: 0 | H7: 0 | I7: 維元社區藥局 (BPP112000001)

Sheet 61
A1: 【 醫療機構、藥局 】(第 三 級管制藥品)
A2: 藥代：CON6 | B2: 管 制 藥 品 收 支 結 存 簿 冊 | J2: 名稱 | K2: 字號 | L2: 上期結存 | M2: 收入 | N2: 支出 | O2: 結存
A3: 藥品名稱 | B3: Concerta E.R 27mg | E3: 管制藥品成分及含量 | H3: Methylphenidate 27mg | J3: =B3 -> Concerta E.R 27mg | K3: 023999 | L3: 0 | M3: =SUM(C:C) -> 0 | N3: =SUM(F:F) -> 0 | O3: =L3+M3-N3 -> 0
A4: 管制級別 | B4: 三 | E4: 製造廠名稱 | H4: 嬌生股份有限公司
A5: 藥品許可證字號 | C5: 衛署藥輸字第023999號 | H5: 最小單位 | I5: 粒
A6: 日 期 | B6: 收支原因 | C6: 收入數量 | D6: 收入藥品批號 | F6: 支出數量 | H6: 結存數量 | I6: 備 註
A7: 115/01/01 | B7: 上期結存 | C7: 0 | H7: 0

Sheet 62
A1: 【 醫療機構、藥局 】(第 四 級管制藥品) | J1: 嘉鏵(CDP100000003) | K1: 調劑
A2: 藥代：ZIP/ZOL1/ZIP1 | B2: 管 制 藥 品 收 支 結 存 簿 冊 | J2: 名稱 | K2: 字號 | L2: 上期結存 | M2: 收入 | N2: 支出 | O2: 結存
A3: 藥品名稱 | B3: Zipsoon 10mg | E3: 管制藥品成分及含量 | H3: Zolpidem 10mg | J3: =B3 -> Zipsoon 10mg | K3: 046563 | L3: =H7 -> 690 | M3: =SUM(C$8:C$1048576) -> 1000 | N3: =SUM(F:F) -> 964 | O3: =L3+M3-N3 -> 726
A4: 管制級別 | B4: 四 | E4: 製造廠名稱 | H4: 盈盈生技製藥股份有限公司三峽廠
A5: 藥品許可證字號 | C5: 衛署藥製字第046563號 | H5: 最小單位 | I5: 粒
A6: 日 期 | B6: 收支原因 | C6: 收入數量 | D6: 收入藥品批號 | F6: 支出數量 | H6: 結存數量 | I6: 備 註
A7: 115/01/01 | B7: 上期結存 | C7: 690 | H7: =C7 -> 690 | I7: 維元社區藥局 (BPP112000001)
A8: 115/01/01 | B8: 調劑 | F8: 30 | H8: =H7-F8 -> 660
A9: 115/01/07 | B9: 調劑 | F9: 30 | H9: =H8-F9 -> 630
A10: 115/01/17 | B10: 調劑 | F10: 28 | H10: =H9-F10 -> 602
A11: 115/01/29 | B11: 調劑 | F11: 30 | H11: =H10-F11 -> 572
A12: 115/02/01 | B12: 調劑 | F12: 30 | H12: =H11-F12 -> 542
A13: 115/02/14 | B13: 調劑 | F13: 30 | H13: =H12-F13 -> 512
A14: 115/02/24 | B14: 調劑 | F14: 28 | H14: =H13-F14 -> 484
A15: 115/02/28 | B15: 調劑 | F15: 30 | H15: =H14-F15 -> 454
A16: 115/03/01 | B16: 調劑 | F16: 30 | H16: =H15-F16 -> 424
A17: 115/03/13 | B17: 調劑 | F17: 28 | H17: =H16-F17 -> 396
A18: 115/03/14 | B18: 調劑 | F18: 28 | H18: =H17-F18 -> 368
A19: 115/03/16 | B19: 調劑 | F19: 28 | H19: =H18-F19 -> 340
... A24: 115/04/22 | B24: 調劑 | F24: 30 | H24: =H23-F24 -> 192
A25: 115/04/23 | B25: 購買 | C25: 1000 | D25: TZ030289 | H25: 1192 | I25: 生達PDP09300000303
A26: 115/04/29 | B26: 調劑 | F26: 58 | H26: =H25-F26 -> 1134
A27: 115/05/01 | B27: 調劑 | F27: 30 | H27: =H26-F27 -> 1104
A28: 115/05/12 | B28: 調劑 | F28: 28 | H28: =H27-F28 -> 1076
A29: 115/05/22 | B29: 調劑 | F29: 30 | H29: =H28-F29 -> 1046
A30: 115/05/29 | B30: 調劑 | F30: 30 | H30: =H29-F30 -> 1016
A31: 115/05/30 | B31: 調劑 | F31: 28 | H31: =H30-F31 -> 988
A32: 115/05/31 | B32: 調劑 | F32: 30 | H32: =H31-F32 -> 958
A33: 115/06/08 | B33: 調劑 | F33: 56 | H33: =H32-F33 -> 902
A34: 115/06/20 | B34: 調劑 | F34: 30 | H34: =H33-F34 -> 872
A35: 115/06/29 | B35: 調劑 | F35: 60 | H35: =H34-F35 -> 812
A36: 115/07/17 | B36: 調劑 | F36: 28 | H36: =H35-F36 -> 784
A37: 115/07/18 | B37: 調劑 | F37: 28 | H37: =H36-F37 -> 756
A38: 115/07/21 | B38: 調劑 | F38: 30 | H38: =H37-F38 -> 726

Sheet 63
A1: 【 醫療機構、藥局 】(第 四 級管制藥品)
A2: 藥代：ZOL7 | B2: 管 制 藥 品 收 支 結 存 簿 冊 | J2: 名稱 | K2: 字號 | L2: 上期結存 | M2: 收入 | N2: 支出 | O2: 結存
A3: 藥品名稱 | B3: Zoldem 10mg | E3: 管制藥品成分及含量 | H3: Zolpidem 10mg | J3: =B3 -> Zoldem 10mg | K3: 023735 | L3: 0 | M3: =SUM(C:C) -> 0 | N3: =SUM(F:F) -> 0 | O3: =L3+M3-N3 -> 0
A4: 管制級別 | B4: 四 | E4: 製造廠名稱 | H4: 台灣諾華股份有限公司
A5: 藥品許可證字號 | C5: 衛署藥輸字第023735號 | H5: 最小單位 | I5: 粒
A6: 日 期 | B6: 收支原因 | C6: 收入數量 | D6: 收入藥品批號 | F6: 支出數量 | H6: 結存數量 | I6: 備 註
A7: 115/01/01 | B7: 上期結存 | C7: 0 | H7: 0

Sheet 64
A1: 【 醫療機構、藥局 】(第 四 級管制藥品)
A2: 藥代：ZOPI | B2: 管 制 藥 品 收 支 結 存 簿 冊 | J2: 名稱 | K2: 字號 | L2: 上期結存 | M2: 收入 | N2: 支出 | O2: 結存
A3: 藥品名稱 | B3: Zopidem 10MG | E3: 管制藥品成分及含量 | H3: Zolpidem 10mg | J3: =B3 -> Zopidem 10MG | K3: 044826 | L3: 0 | M3: =SUM(C:C) -> 0 | N3: =SUM(F:F) -> 0 | O3: =L3+M3-N3 -> 0
A4: 管制級別 | B4: 四 | E4: 製造廠名稱 | H4: 生達化學製藥股份有限公司
A5: 藥品許可證字號 | C5: 衛署藥製字第044826號 | H5: 最小單位 | I5: 粒
A6: 日 期 | B6: 收支原因 | C6: 收入數量 | D6: 收入藥品批號 | F6: 支出數量 | H6: 結存數量 | I6: 備 註
A7: 115/01/01 | B7: 上期結存 | C7: 0 | H7: 0

Sheet 65
A1: 【 醫療機構、藥局 】(第 四 級管制藥品)
A2: 藥代：ULTR2/TRA3 | B2: 管 制 藥 品 收 支 結 存 簿 冊 | J2: 名稱 | K2: 字號 | L2: 上期結存 | M2: 收入 | N2: 支出 | O2: 結存
A3: 藥品名稱 | B3: Traceton 37.5mg | E3: 管制藥品成分及含量 | H3: Tramadol 37.5mg / Acetaminophen 325mg | J3: =B3 -> Traceton 37.5mg | K3: 056706 | L3: 7 | M3: =SUM(C$8:C$1048576) -> 630 | N3: =SUM(F:F) -> 536 | O3: =L3+M3-N3 -> 101
A4: 管制級別 | B4: 四 | E4: 製造廠名稱 | H4: 永信藥品工業股份有限公司
A5: 藥品許可證字號 | C5: 衛署藥製字第056706號 | H5: 最小單位 | I5: 粒
A6: 日 期 | B6: 收支原因 | C6: 收入數量 | D6: 收入藥品批號 | F6: 支出數量 | H6: 結存數量 | I6: 備 註
A7: 115/01/01 | B7: 上期結存 | C7: 14 | H7: 14 | I7: 維元社區藥局 (BPP112000001)
A8: 115/01/02 | B8: 調劑 | F8: 28 | H8: =H7-F8 -> -14
A9: 115/01/04 | B9: 購買 | C9: 84 | D9: TDTT026 | H9: 70 | I9: 嘉鏵CDP100000003
A10: 115/01/14 | B10: 調劑 | F10: 6 | H10: =H9-F10 -> 64
A11: 115/01/19 | B11: 調劑 | F11: 34 | H11: =H10-F11 -> 30
A12: 115/01/26 | B12: 調劑 | F12: 6 | H12: =H11-F12 -> 24
A13: 115/01/28 | B13: 購買 | C13: 42 | D13: TDTT029 | H13: 66 | I13: 嘉鏵CDP100000003
A14: 115/02/01 | B14: 調劑 | F14: 28 | H14: =H13-F14 -> 38
A15: 115/02/03 | B15: 調劑 | F15: 6 | H15: =H14-F15 -> 32
A16: 115/02/15 | B16: 調劑 | F16: 28 | H16: =H15-F16 -> 4
A17: 115/03/02 | B17: 調劑 | F17: 28 | H17: =H16-F17 -> -24
A18: 115/03/04 | B18: 購買 | C18: 105 | D18: TDTT032 | H18: =H17+C18 -> 81 | I18: 嘉鏵CDP100000003
A19: 115/03/15 | B19: 調劑 | F19: 38 | H19: =H18-F19 -> 43
A20: 115/03/16 | B20: 調劑 | F20: 6 | H20: =H19-F20 -> 37
A21: 115/03/18 | B21: 調劑 | F21: 12 | H21: =H20-F21 -> 25
A22: 115/03/22 | B22: 調劑 | F22: 6 | H22: =H21-F22 -> 19
A23: 115/03/24 | B23: 調劑 | F23: 6 | H23: =H22-F23 -> 13
A24: 115/03/28 | B24: 調劑 | F24: 6 | H24: =H23-F24 -> 7
A25: 115/03/29 | B25: 調劑 | F25: 28 | H25: =H24-F25 -> -21
A26: 115/04/01 | B26: 購買 | C26: 63 | D26: TDTT035 | H26: 42 | I26: 嘉鏵CDP100000003
A27: 115/04/12 | B27: 調劑 | F27: 10 | H27: =H26-F27 -> 32
A28: 115/04/14 | B28: 調劑 | F28: 28 | H28: =H27-F28 -> 4
A29: 115/04/15 | B29: 購買 | C29: 210 | D29: TDTT035 | H29: 214 | I29: 嘉鏵CDP100000003
A30: 115/04/26 | B30: 調劑 | F30: 42 | H30: =H29-F30 -> 172
A31: 115/05/10 | B31: 調劑 | F31: 28 | H31: =H30-F31 -> 144
A32: 115/05/13 | B32: 調劑 | F32: 10 | H32: =H31-F32 -> 134
A33: 115/05/24 | B33: 調劑 | F33: 28 | H33: =H32-F33 -> 106
A34: 115/06/03 | B34: 調劑 | F34: 6 | H34: =H33-F34 -> 100
A35: 115/06/08 | B35: 調劑 | F35: 28 | H35: =H34-F35 -> 72
A36: 115/06/10 | B36: 調劑 | F36: 6 | H36: =H35-F36 -> 66
A37: 115/06/22 | B37: 調劑 | F37: 28 | H37: =H36-F37 -> 38
A38: 115/07/06 | B38: 購買 | C38: 126 | D38: TDTA006 | H38: 164 | I38: 江鎰QDA10600000101
A39: 115/07/07 | B39: 調劑 | F39: 28 | H39: =H38-F39 -> 136
A40: 115/07/19 | B40: 調劑 | F40: 28 | H40: =H39-F40 -> 108

Sheet 66
A1: 【 醫療機構、藥局 】(第 四 級管制藥品)
A2: 藥代：DAL1 | B2: 管 制 藥 品 收 支 結 存 簿 冊 | J2: 名稱 | K2: 字號 | L2: 上期結存 | M2: 收入 | N2: 支出 | O2: 結存
A3: 藥品名稱 | B3: Dalmadorm 15mg | E3: 管制藥品成分及含量 | H3: Flurazepam 15mg | J3: =B3 -> Dalmadorm 15mg | K3: 036679 | L3: =H7 -> 0 | M3: =SUM(C$8:C$1048576) -> 0 | N3: =SUM(F:F) -> 0 | O3: =L3+M3-N3 -> 0
A4: 管制級別 | B4: 四 | E4: 製造廠名稱 | H4: 歐帕生技醫藥股份有限公司
A5: 藥品許可證字號 | C5: 衛署藥製字第036679號 | H5: 最小單位 | I5: 粒
A6: 日 期 | B6: 收支原因 | C6: 收入數量 | D6: 收入藥品批號 | F6: 支出數量 | H6: 結存數量 | I6: 備 註
A7: 115/01/01 | B7: 上期結存 | C7: 0 | H7: 0

Sheet 67
A1: 【 醫療機構、藥局 】(第 四 級管制藥品)
A2: 藥代：MUA0 | B2: 管 制 藥 品 收 支 結 存 簿 冊 | J2: 名稱 | K2: 字號 | L2: 上期結存 | M2: 收入 | N2: 支出 | O2: 結存
A3: 藥品名稱 | B3: Muaction S.R 100mg | E3: 管制藥品成分及含量 | H3: tramadol 100mg | J3: =B3 -> Muaction S.R 100mg | K3: 042770 | L3: 0 | M3: =SUM(C:C) -> 0 | N3: =SUM(F:F) -> 0 | O3: =L3+M3-N3 -> 0
A4: 管制級別 | B4: 四 | E4: 製造廠名稱 | H4: 美時化學製藥股份有限公司南投廠
A5: 藥品許可證字號 | C5: 衛署藥製字第042770號 | H5: 最小單位 | I5: 粒
A6: 日 期 | B6: 收支原因 | C6: 收入數量 | D6: 收入藥品批號 | F6: 支出數量 | H6: 結存數量 | I6: 備 註
A7: 115/01/01 | B7: 上期結存 | C7: 0 | H7: 0

Sheet 68
A1: 【 醫療機構、藥局 】(第 四 級管制藥品)
A2: 藥代：DORM | B2: 管 制 藥 品 收 支 結 存 簿 冊 | J2: 名稱 | K2: 字號 | L2: 上期結存 | M2: 收入 | N2: 支出 | O2: 結存
A3: 藥品名稱 | B3: Dormicum 7.5mg | E3: 管制藥品成分及含量 | H3: Midazolam 7.5mg | J3: =B3 -> Dormicum 7.5mg | K3: 017577 | L3: =H7 -> 41 | M3: =SUM(C$8:C$1048576) -> 800 | N3: =SUM(F:F) -> 280 | O3: =L3+M3-N3 -> 561
A4: 管制級別 | B4: 四 | E4: 製造廠名稱 | H4: 羅氏大藥廠股份有限公司
A5: 藥品許可證字號 | C5: 衛署藥輸字第017577號 | H5: 最小單位 | I5: 粒
A6: 日 期 | B6: 收支原因 | C6: 收入數量 | D6: 收入藥品批號 | F6: 支出數量 | H6: 結存數量 | I6: 備 註
A7: 115/01/01 | B7: 上期結存 | C7: 41 | H7: 41 | I7: 維元社區藥局 (BPP112000001)
A8: 115/01/12 | B8: 調劑 | F8: 56 | H8: =H7-F8 -> -15
A9: 115/01/16 | B9: 購買 | C9: 100 | D9: E0309E1 | H9: 85 | I9: 嘉鏵CDP100000003
A10: 115/02/25 | B10: 調劑 | F10: 56 | H10: =H9-F10 -> 29
A11: 115/02/25 | B11: 購買 | C11: 100 | D11: E03011E1 | H11: 129 | I11: 嘉鏵CDP100000003
A12: 115/03/23 | B12: 調劑 | F12: 28 | H12: =H11-F12 -> 101
A13: 115/04/10 | B13: 調劑 | F13: 56 | H13: =H12-F13 -> 45 | I13: 嘉鏵CDP100000003
A14: 115/05/19 | B14: 調劑 | F14: 56 | H14: =H13-F14 -> -11
A15: 115/07/02 | B15: 購買 | C15: 100 | D15: E0322E1 | H15: 89 | I15: 嘉鏵CDP100000003
A16: 115/07/14 | B16: 調劑 | F16: 28 | H16: =H15-F16 -> 61
A17: 115/07/20 | B17: 購買 | C17: 500 | D17: E0323E1 | H17: 561 | I17: 大昌

Sheet 69
A1: 【 醫療機構、藥局 】(第 四 級管制藥品)
A2: 藥代：TAEE | B2: 管 制 藥 品 收 支 結 存 簿 冊 | J2: 名稱 | K2: 字號 | L2: 上期結存 | M2: 收入 | N2: 支出 | O2: 結存
A3: 藥品名稱 | B3: Taee S.C 5mg | E3: 管制藥品成分及含量 | H3: Chlordiazepoxide 5mg | J3: =B3 -> Taee S.C 5mg | K3: 001503 | L3: 0 | M3: =SUM(C:C) -> 0 | N3: =SUM(F:F) -> 0 | O3: =L3+M3-N3 -> 0
A4: 管制級別 | B4: 四 | E4: 製造廠名稱 | H4: 強生化學製藥廠股份有限公司
A5: 藥品許可證字號 | C5: 內衛藥製字第001503號 | H5: 最小單位 | I5: 粒
A6: 日 期 | B6: 收支原因 | C6: 收入數量 | D6: 收入藥品批號 | F6: 支出數量 | H6: 結存數量 | I6: 備 註
A7: 115/01/01 | B7: 上期結存 | C7: 0 | H7: 0

Sheet 70
A1: 【 醫療機構、藥局 】(第 四 級管制藥品)
A2: 藥代：ALE2 | B2: 管 制 藥 品 收 支 結 存 簿 冊 | J2: 名稱 | K2: 字號 | L2: 上期結存 | M2: 收入 | N2: 支出 | O2: 結存
A3: 藥品名稱 | B3: Alepam 15mg | E3: 管制藥品成分及含量 | H3: Oxazepam 15mg | J3: =B3 -> Alepam 15mg | K3: 018425 | L3: 0 | M3: =SUM(C:C) -> 0 | N3: =SUM(F:F) -> 0 | O3: =L3+M3-N3 -> 0
A4: 管制級別 | B4: 四 | E4: 製造廠名稱 | H4: 海喬國際股份有限公司
A5: 藥品許可證字號 | C5: 衛署藥輸字第018425號 | H5: 最小單位 | I5: 粒
A6: 日 期 | B6: 收支原因 | C6: 收入數量 | D6: 收入藥品批號 | F6: 支出數量 | H6: 結存數量 | I6: 備 註
A7: 115/01/01 | B7: 上期結存 | C7: 0 | H7: 0

Sheet 71
A1: 【 醫療機構、藥局 】(第 四 級管制藥品)
A2: 藥代：DIP7 | B2: 管 制 藥 品 收 支 結 存 簿 冊 | J2: 名稱 | K2: 字號 | L2: 上期結存 | M2: 收入 | N2: 支出 | O2: 結存
A3: 藥品名稱 | B3: Dipoxido 10mg | E3: 管制藥品成分及含量 | H3: Chlordiazepoxide 10mg | J3: =B3 -> Dipoxido 10mg | K3: 005038 | L3: 0 | M3: =SUM(C:C) -> 0 | N3: =SUM(F:F) -> 0 | O3: =L3+M3-N3 -> 0
A4: 管制級別 | B4: 四 | E4: 製造廠名稱 | H4: 強生化學製藥廠股份有限公司
A5: 藥品許可證字號 | C5: 內衛藥製字第005038號 | H5: 最小單位 | I5: 粒
A6: 日 期 | B6: 收支原因 | C6: 收入數量 | D6: 收入藥品批號 | F6: 支出數量 | H6: 結存數量 | I6: 備 註
A7: 115/01/01 | B7: 上期結存 | C7: 0 | H7: 0

Sheet 72
A1: 【 醫療機構、藥局 】(第 四 級管制藥品)
A2: 藥代：BRO7/BROAN | B2: 管 制 藥 品 收 支 結 存 簿 冊 | J2: 名稱 | K2: 字號 | L2: 上期結存 | M2: 收入 | N2: 支出 | O2: 結存
A3: 藥品名稱 | B3: Bropan 3mg | E3: 管制藥品成分及含量 | H3: Bromazepam 3mg | J3: =B3 -> Bropan 3mg | K3: 029503 | L3: =H7 -> 60 | M3: =SUM(C:C) -> 60 | N3: =SUM(F:F) -> 56 | O3: =L3+M3-N3 -> 64
A4: 管制級別 | B4: 四 | E4: 製造廠名稱 | H4: 政德製藥股份有限公司
A5: 藥品許可證字號 | C5: 衛署藥製字第029503號 | H5: 最小單位 | I5: 粒
A6: 日 期 | B6: 收支原因 | C6: 收入數量 | D6: 收入藥品批號 | F6: 支出數量 | H6: 結存數量 | I6: 備 註
A7: 115/05/11 | B7: 購入 | C7: 60 | D7: TK5044 | H7: 60 | I7: 嘉鏵CDP100000003
A8: 115/05/13 | B8: 調劑 | F8: 28 | H8: =H7-F8 -> 32
A9: 115/06/03 | B9: 調劑 | F9: 28 | H9: =H8-F9 -> 4

Sheet 73
A1: 【 醫療機構、藥局 】(第 四 級管制藥品)
A2: 藥代：TRA4 | B2: 管 制 藥 品 收 支 結 存 簿 冊 | J2: 名稱 | K2: 字號 | L2: 上期結存 | M2: 收入 | N2: 支出 | O2: 結存
A3: 藥品名稱 | B3: Tramacet 37.5mg | E3: 管制藥品成分及含量 | H3: Tramadol 37.5mg / Acetaminophen 325mg | J3: =B3 -> Tramacet 37.5mg | K3: 057779 | L3: =H7 -> 275 | M3: =SUM(C$8:C$1048576) -> 0 | N3: =SUM(F:F) -> 136 | O3: =L3+M3-N3 -> 139
A4: 管制級別 | B4: 四 | E4: 製造廠名稱 | H4: 五洲製藥股份有限公司
A5: 藥品許可證字號 | C5: 衛署藥製字第057779號 | H5: 最小單位 | I5: 粒
A6: 日 期 | B6: 收支原因 | C6: 收入數量 | D6: 收入藥品批號 | F6: 支出數量 | H6: 結存數量
A7: 115/01/01 | B7: 上期結存 | C7: 275 | H7: 275 | I7: 維元社區藥局 (BPP112000001)
A8: 115/01/05 | B8: 調劑 | F8: 84 | H8: =H7-F8 -> 191
A9: 115/02/21 | B9: 調劑 | F9: 9 | H9: =H8-F9 -> 182
A10: 115/02/23 | B10: 調劑 | F10: 6 | H10: =H9-F10 -> 176
A11: 115/03/02 | B11: 調劑 | F11: 9 | H11: =H10-F11 -> 167 | I11: 江鎰QDA10600000101
A12: 115/03/08 | B12: 調劑 | F12: 10 | H12: =H11-F12 -> 157
A13: 115/03/09 | B13: 調劑 | F13: 6 | H13: =H12-F13 -> 151
A14: 115/03/12 | B14: 調劑 | F14: 6 | H14: =H13-F14 -> 145
A15: 115/03/16 | B15: 調劑 | F15: 6 | H15: =H14-F15 -> 139

Sheet 74
A1: 【 醫療機構、藥局 】(第 四 級管制藥品)
A2: 藥代：LAR0 | B2: 管 制 藥 品 收 支 結 存 簿 冊 | J2: 名稱 | K2: 字號 | L2: 上期結存 | M2: 收入 | N2: 支出 | O2: 結存
A3: 藥品名稱 | B3: Larpam 2mg | E3: 管制藥品成分及含量 | H3: Lorazepam 2mg | J3: =B3 -> Larpam 2mg | K3: 033929 | L3: =H7 -> 0 | M3: =SUM(C$7:C$1048576) -> 0 | N3: =SUM(F:F) -> 0 | O3: =L3+M3-N3 -> 0
A4: 管制級別 | B4: 四 | E4: 製造廠名稱 | H4: 世達藥品工業股份有限公司
A5: 藥品許可證字號 | C5: 衛署藥製字第033929號 | H5: 最小單位 | I5: 粒
A6: 日 期 | B6: 收支原因 | C6: 收入數量 | D6: 收入藥品批號 | F6: 支出數量 | H6: 結存數量 | I6: 備 註
A7: 115/01/01 | B7: 上期結存 | C7: 0 | H7: 0 | I7: 維元社區藥局 (BPP103000001)

Sheet 75
A1: 【 醫療機構、藥局 】(第 四 級管制藥品)
A2: 藥代：CAM1 | B2: 管 制 藥 品 收 支 結 存 簿 冊 | J2: 名稱 | K2: 字號 | L2: 上期結存 | M2: 收入 | N2: 支出 | O2: 結存
A3: 藥品名稱 | B3: Camadol 50mg | E3: 管制藥品成分及含量 | H3: Tramadol 50mg | J3: =B3 -> Camadol 50mg | K3: 043597 | L3: 0 | M3: =SUM(C:C) -> 0 | N3: =SUM(F:F) -> 0 | O3: =L3+M3-N3 -> 0
A4: 管制級別 | B4: 四 | E4: 製造廠名稱 | H4: 旭能醫藥生技股份有限公司
A5: 藥品許可證字號 | C5: 衛署藥製字第043597號 | H5: 最小單位 | I5: 粒
A6: 日 期 | B6: 收支原因 | C6: 收入數量 | D6: 收入藥品批號 | F6: 支出數量 | H6: 結存數量 | I6: 備 註
A7: 115/01/01 | B7: 上期結存 | C7: 0 | H7: 0

Sheet 76
A1: 【 醫療機構、藥局 】(第 四 級管制藥品)
A2: 藥代：TRA6 | B2: 管 制 藥 品 收 支 結 存 簿 冊 | J2: 名稱 | K2: 字號 | L2: 上期結存 | M2: 收入 | N2: 支出 | O2: 結存
A3: 藥品名稱 | B3: Tramed 50mg | E3: 管制藥品成分及含量 | H3: Tramadol 50mg | J3: =B3 -> Tramed 50mg | K3: 043824 | L3: =H7 -> 8 | M3: =SUM(C$8:C$1048576) -> 0 | N3: =SUM(F:F) -> 0 | O3: =L3+M3-N3 -> 8
A4: 管制級別 | B4: 四 | E4: 製造廠名稱 | H4: 瑞士藥廠股份有限公司新市廠
A5: 藥品許可證字號 | C5: 衛署藥製字第043824號 | H5: 最小單位 | I5: 粒
A6: 日 期 | B6: 收支原因 | C6: 收入數量 | D6: 收入藥品批號 | F6: 支出數量 | H6: 結存數量 | I6: 備 註
A7: 115/01/01 | B7: 上期結存 | C7: 8 | H7: 8 | I7: 維元社區藥局 (BPP112000001)

Sheet 77
A1: 【 醫療機構、藥局 】(第 四 級管制藥品)
A2: 藥代：SEA0 | B2: 管 制 藥 品 收 支 結 存 簿 冊 | J2: 名稱 | K2: 字號 | L2: 上期結存 | M2: 收入 | N2: 支出 | O2: 結存
A3: 藥品名稱 | B3: Seanto 10mg | E3: 管制藥品成分及含量 | H3: Oxazolam 10mg | J3: =B3 -> Seanto 10mg | K3: 031295 | L3: 0 | M3: =SUM(C:C) -> 0 | N3: =SUM(F:F) -> 0 | O3: =L3+M3-N3 -> 0
A4: 管制級別 | B4: 四 | E4: 製造廠名稱 | H4: 國嘉製藥工業股份有限公司幼獅三廠
A5: 藥品許可證字號 | C5: 衛署藥製字第031295號 | H5: 最小單位 | I5: 粒
A6: 日 期 | B6: 收支原因 | C6: 收入數量 | D6: 收入藥品批號 | F6: 支出數量 | H6: 結存數量 | I6: 備 註
A7: 115/01/01 | B7: 上期結存 | C7: 0 | H7: 0

Sheet 78
A1: 【 醫療機構、藥局 】(第 四 級管制藥品)
A2: 藥代：ALPR6 | B2: 管 制 藥 品 收 支 結 存 簿 冊 | J2: 名稱 | K2: 字號 | L2: 上期結存 | M2: 收入 | N2: 支出 | O2: 結存
A3: 藥品名稱 | B3: Aprazo 0.5mg | E3: 管制藥品成分及含量 | H3: Alprazolam 0.5mg | J3: =B3 -> Aprazo 0.5mg | K3: 045070 | L3: =H7 -> 94 | M3: =SUM(C$8:C$1048576) -> 1580 | N3: =SUM(F:F) -> 1242 | O3: =L3+M3-N3 -> 432
A4: 管制級別 | B4: 四 | E4: 製造廠名稱 | H4: 五洲製藥股份有限公司
A5: 藥品許可證字號 | C5: 衛署藥製字第045070號 | H5: 最小單位 | I5: 粒
A6: 日 期 | B6: 收支原因 | C6: 收入數量 | D6: 收入藥品批號 | F6: 支出數量 | H6: 結存數量 | I6: 備 註
A7: 115/01/01 | B7: 上期結存 | C7: 94 | H7: 94 | I7: 維元社區藥局 (BPP112000001)
A8: 115/01/04 | B8: 調劑 | F8: 60 | H8: =H7-F8 -> 34
A9: 115/01/05 | B9: 購買 | C9: 100 | D9: E523 | H9: 134 | I9: 嘉鏵CDP100000003
A10: 115/01/21 | B10: 調劑 | F10: 28 | H10: =H9-F10 -> 106
A11: 115/01/26 | B11: 調劑 | F11: 112 | H11: =H10-F11 -> -6 | I11: 嘉鏵CDP100000003
A12: 115/01/27 | B12: 購買 | C12: 300 | D12: E682 | H12: 294 | I12: 江鎰QDA10600000101
A13: 115/02/03 | B13: 調劑 | F13: 60 | H13: =H12-F13 -> 234 | I13: 嘉鏵CDP100000003
A14: 115/02/04 | B14: 調劑 | F14: 28 | H14: =H13-F14 -> 206
A15: 115/02/06 | B15: 購買 | C15: 80 | D15: E682 | H15: 286 | I15: 江鎰QDA10600000101
A16: 115/02/24 | B16: 調劑 | F16: 112 | H16: =H15-F16 -> 174
A17: 115/02/28 | B17: 調劑 | F17: 60 | H17: =H16-F17 -> 114 | I17: 嘉鏵CDP100000003
A18: 115/03/05 | B18: 調劑 | F18: 28 | H18: =H17-F18 -> 86
A19: 115/03/17 | B19: 調劑 | F19: 28 | H19: =H18-F19 -> 58
A20: 115/03/31 | B20: 調劑 | F20: 28 | H20: =H19-F20 -> 30
A21: 115/04/01 | B21: 購買 | C21: 100 | E21: F016 | H21: 130 | I21: 嘉鏵CDP100000003
A22: 115/04/03 | B22: 調劑 | F22: 60 | H22: =H21-F22 -> 70
A23: 115/04/15 | B23: 調劑 | F23: 66 | H23: =H22-F23 -> 4
A24: 115/04/19 | B24: 購買 | C24: 300 | D24: F016 | H24: 304 | I24: 嘉鏵CDP100000003
A25: 115/05/02 | B25: 調劑 | F25: 60 | H25: =H24-F25 -> 244
A26: 115/05/07 | B26: 調劑 | F26: 140 | H26: =H25-F26 -> 104
A27: 115/05/07 | B27: 購買 | C27: 200 | D27: F018 | H27: 304 | I27: 嘉鏵CDP100000003
A28: 115/05/14 | B28: 調劑 | F28: 28 | H28: =H27-F28 -> 276
A29: 115/06/01 | B29: 調劑 | F29: 60 | H29: =H28-F29 -> 216
A30: 115/06/01 | B30: 購買 | C30: 100 | D30: F067 | H30: 316 | I30: 嘉鏵CDP100000003
A31: 115/06/08 | B31: 調劑 | F31: 112 | H31: =H30-F31 -> 204
A32: 115/06/09 | B32: 調劑 | F32: 28 | H32: =H31-F32 -> 176
A33: 115/06/12 | B33: 調劑 | F33: 28 | H33: =H32-F33 -> 148
A34: 115/07/01 | B34: 調劑 | F34: 60 | H34: =H33-F34 -> 88
A35: 115/07/07 | B35: 調劑 | F35: 28 | H35: =H34-F35 -> 60
A36: 115/07/08 | B36: 調劑 | F36: 28 | H36: =H35-F36 -> 32
A37: 115/07/09 | B37: 購買 | C37: 100 | D37: F069 | H37: 132 | I37: 嘉鏵CDP100000003
A38: 115/07/20 | B38: 購買 | C38: 300 | D38: F070 | H38: 432 | I38: 嘉鏵CDP100000003

Sheet 79
A1: 【 醫療機構、藥局 】(第 四 級管制藥品) | J1: 江鎰(QDA10600000101) | K1: 購買 | L1: 調劑 | M1: 嘉鏵CDP100000003
A2: 藥代：ZOL61/ZOLB | B2: 管 制 藥 品 收 支 結 存 簿 冊 | J2: 名稱 | K2: 字號 | L2: 上期結存 | M2: 收入 | N2: 支出 | O2: 結存
A3: 藥品名稱 | B3: Zolnox 10mg | E3: 管制藥品成分及含量 | H3: Zolpidem 10mg | J3: =B3 -> Zolnox 10mg | K3: 044605 | L3: =H7 -> 232 | M3: =SUM(C$8:C$1048576) -> 800 | N3: =SUM(F:F) -> 856 | O3: =L3+M3-N3 -> 176
A4: 管制級別 | B4: 四 | E4: 製造廠名稱 | H4: 羅得化學製藥股份有限公司
A5: 藥品許可證字號 | C5: 衛署藥製字第044605號 | H5: 最小單位 | I5: 粒
A6: 日 期 | B6: 收支原因 | C6: 收入數量 | D6: 收入藥品批號 | F6: 支出數量 | H6: 結存數量 | I6: 備 註
A7: 115/01/01 | B7: 上期結存 | C7: 232 | H7: 232 | I7: 維元社區藥局 (BPP112000001)
A8: 115/01/04 | B8: 調劑 | F8: 30 | H8: =H7-F8 -> 202
A9: 115/01/05 | B9: 調劑 | F9: 28 | H9: =H8-F9 -> 174
A10: 115/01/07 | B10: 調劑 | F10: 62 | H10: =H9-F10 -> 112
A11: 115/01/07 | B11: 購買 | C11: 200 | D11: FS-04-18 | H11: 312 | I11: 嘉鏵CDP100000003
A12: 115/01/08 | B12: 調劑 | F12: 30 | H12: =H11-F12 -> 282
A13: 115/01/20 | B13: 調劑 | F13: 30 | H13: =H12-F13 -> 252
A14: 115/01/21 | B14: 調劑 | F14: 28 | H14: =H13-F14 -> 224
A15: 115/01/23 | B15: 購買 | C15: 200 | D15: FU-30-20 | H15: 424 | I15: 嘉鏵CDP100000003
A16: 115/02/03 | B16: 調劑 | F16: 30 | H16: =H15-F16 -> 394
A17: 115/02/28 | B17: 調劑 | F17: 60 | H17: =H16-F17 -> 334
A18: 115/03/05 | B18: 調劑 | F18: 62 | H18: =H17-F18 -> 272
A19: 115/03/19 | B19: 調劑 | F19: 56 | H19: =H18-F19 -> 216
A20: 115/03/30 | B20: 購買 | C20: 200 | D20: FV-01-23 | H20: 416 | I20: 江鎰QDA10600000101
A21: 115/04/03 | B21: 調劑 | F21: 30 | H21: =H20-F21 -> 386
A22: 115/04/14 | B22: 調劑 | F22: 28 | H22: =H21-F22 -> 358
A23: 115/04/17 | B23: 調劑 | F23: 28 | H23: =H22-F23 -> 330
A24: 115/04/27 | B24: 調劑 | F24: 62 | H24: =H23-F24 -> 268
A25: 115/05/01 | B25: 調劑 | F25: 28 | H25: =H24-F25 -> 240 | I25: 嘉鏵CDP100000003
A26: 115/05/02 | B26: 調劑 | F26: 30 | H26: =H25-F26 -> 210
A27: 115/05/25 | B27: 購買 | C27: 200 | D27: GK-02-02 | H27: 410 | I27: 江鎰QDA10600000101
A28: 115/06/01 | B28: 調劑 | F28: 30 | H28: =H27-F28 -> 380
A29: 115/06/10 | B29: 調劑 | F29: 28 | H29: =H28-F29 -> 352
A30: 115/06/23 | B30: 調劑 | F30: 62 | H30: =H29-F30 -> 290
A31: 115/06/29 | B31: 調劑 | F31: 28 | H31: =H30-F31 -> 262
A32: 115/07/01 | B32: 調劑 | F32: 30 | H32: =H31-F32 -> 232 | I32: 江鎰QDA10600000101
A33: 115/07/08 | B33: 調劑 | F33: 28 | H33: =H32-F33 -> 204
A34: 115/07/18 | B34: 調劑 | F34: 28 | H34: =H33-F34 -> 176
I38: 嘉鏵CDP100000003

Sheet 80
A1: 【 醫療機構、藥局 】(第 四 級管制藥品)
A2: 藥代：CLO4/CLO6 | B2: 管 制 藥 品 收 支 結 存 簿 冊 | J2: 名稱 | K2: 字號 | L2: 上期結存 | M2: 收入 | N2: 支出 | O2: 結存
A3: 藥品名稱 | B3: Clonopam 2mg | E3: 管制藥品成分及含量 | H3: Fludiazepam 0.25mg | J3: =B3 -> Clonopam 2mg | K3: 045345 | L3: =H7 -> 78 | M3: =SUM(C$8:C$1048576) -> 140 | N3: =SUM(F:F) -> 119 | O3: =L3+M3-N3 -> 99
A4: 管制級別 | B4: 四 | E4: 製造廠名稱 | H4: 榮民製藥股份有限公司
A5: 藥品許可證字號 | C5: 衛署藥製字第045345號 | H5: 最小單位 | I5: 粒
A6: 日 期 | B6: 收支原因 | C6: 收入數量 | D6: 收入藥品批號 | F6: 支出數量 | H6: 結存數量 | I6: 備 註
A7: 115/01/01 | B7: 上期結存 | C7: 78 | H7: 78 | I7: 維元社區藥局 (BPP112000001)
A8: 115/02/26 | B8: 調劑 | F8: 28 | H8: =H7-F8 -> 50 | I8: 嘉鏵
A9: 115/03/20 | B9: 調劑 | F9: 28 | H9: =H8-F9 -> 22
A10: 115/05/13 | B10: 購買 | C10: 40 | D10: 2KC50 | H10: 62 | I10: 嘉鏵
A11: 115/05/20 | B11: 調劑 | F11: 28 | H11: =H10-F11 -> 34
A12: 115/06/07 | B12: 購買 | C12: 100 | D12: 2KC51 | H12: 134 | I12: 嘉鏵
A13: 115/06/09 | B13: 調劑 | F13: 7 | H13: =H12-F13 -> 127
A14: 115/06/18 | B14: 調劑 | F14: 28 | H14: =H13-F14 -> 99

Sheet 81
A1: 【 醫療機構、藥局 】(第 三 級管制藥品)
A2: 藥代：RIT1 | B2: 管 制 藥 品 收 支 結 存 簿 冊 | J2: 名稱 | K2: 字號 | L2: 上期結存 | M2: 收入 | N2: 支出 | O2: 結存
A3: 藥品名稱 | B3: Ritalin 10mg | E3: 管制藥品成分及含量 | H3: Methylphenidate 10mg | J3: =B3 -> Ritalin 10mg | K3: 027080 | L3: =H7 -> 0 | M3: =SUM(C$8:C$1048576) -> 0 | N3: =SUM(F:F) -> 0 | O3: =L3+M3-N3 -> 0
A4: 管制級別 | B4: 三 | E4: 製造廠名稱 | H4: 台灣諾華股份有限公司
A5: 藥品許可證字號 | C5: 衛部藥輸字第027080號 | H5: 最小單位 | I5: 粒
A6: 日 期 | B6: 收支原因 | C6: 收入數量 | D6: 收入藥品批號 | F6: 支出數量 | H6: 結存數量 | I6: 備 註
A7: 115/01/01 | B7: 上期結存 | C7: 0 | H7: 0 | I7: 維元社區藥局 (BPP112000001)
I8: 至基隆市衛生局辦理銷毀
I9: 基衛食藥壹字第1140005650號

Sheet 82
A1: 【 醫療機構、藥局 】(第 四 級管制藥品)
A2: 藥代：FRI | B2: 管 制 藥 品 收 支 結 存 簿 冊 | J2: 名稱 | K2: 字號 | L2: 上期結存 | M2: 收入 | N2: 支出 | O2: 結存
A3: 藥品名稱 | B3: Frisium 10mg | E3: 管制藥品成分及含量 | H3: Clobazam 10mg | J3: =B3 -> Frisium 10mg | K3: 023071 | L3: =H7 -> 0 | M3: =SUM(C:C) -> 0 | N3: =SUM(F:F) -> 0 | O3: =L3+M3-N3 -> 0
A4: 管制級別 | B4: 四 | E4: 製造廠名稱 | H4: 賽諾菲股份有限公司
A5: 藥品許可證字號 | C5: 衛署藥輸字第023071號 | H5: 最小單位 | I5: 粒
A6: 日 期 | B6: 收支原因 | C6: 收入數量 | D6: 收入藥品批號 | F6: 支出數量 | H6: 結存數量 | I6: 備 註
A7: 115/01/01 | B7: 上期結存 | C7: 0 | H7: 0

Sheet 83
A1: 【 醫療機構、藥局 】(第 四 級管制藥品)
A2: 藥代：TRA7 | B2: 管 制 藥 品 收 支 結 存 簿 冊 | J2: 名稱 | K2: 字號 | L2: 上期結存 | M2: 收入 | N2: 支出 | O2: 結存
A3: 藥品名稱 | B3: Tramadol Sandoz Uno 200mg | E3: 管制藥品成分及含量 | H3: Tramadol 200mg | J3: =B3 -> Tramadol Sandoz Uno 200mg | K3: 024340 | L3: =H7 -> 0 | M3: =SUM(C:C) -> 0 | N3: =SUM(F:F) -> 0 | O3: =L3+M3-N3 -> 0
A4: 管制級別 | B4: 四 | E4: 製造廠名稱 | H4: 台灣諾華股份有限公司
A5: 藥品許可證字號 | C5: 衛署藥輸字第024340號 | H5: 最小單位 | I5: 粒
A6: 日 期 | B6: 收支原因 | C6: 收入數量 | D6: 收入藥品批號 | F6: 支出數量 | H6: 結存數量 | I6: 備 註
A7: 115/01/01 | B7: 上期結存 | C7: 0 | H7: 0 | I7: 維元社區藥局 (BPP103000001)

Sheet 84
A1: 【 醫療機構、藥局 】(第 四 級管制藥品)
A2: 藥代：SYNA | B2: 管 制 藥 品 收 支 結 存 簿 冊 | J2: 名稱 | K2: 字號 | L2: 上期結存 | M2: 收入 | N2: 支出 | O2: 結存
A3: 藥品名稱 | B3: Syndoman 30mg | E3: 管制藥品成分及含量 | H3: Flurazepam 30mg | J3: =B3 -> Syndoman 30mg | K3: 042222 | L3: =H7 -> 0 | M3: =SUM(C:C) -> 0 | N3: =SUM(F:F) -> 0 | O3: =L3+M3-N3 -> 0
A4: 管制級別 | B4: 四 | E4: 製造廠名稱 | H4: 榮民製藥股份有限公司
A5: 藥品許可證字號 | C5: 衛署藥製字第042222號 | H5: 最小單位 | I5: 粒
A6: 日 期 | B6: 收支原因 | C6: 收入數量 | D6: 收入藥品批號 | F6: 支出數量 | H6: 結存數量 | I6: 備 註
A7: 115/01/01 | B7: 上期結存 | C7: 0 | H7: 0 | I7: 維元社區藥局 (BPP103000001)

Sheet 85
A1: 【 醫療機構、藥局 】(第 四 級管制藥品)
A2: 藥代：LOR2 | B2: 管 制 藥 品 收 支 結 存 簿 冊 | J2: 名稱 | K2: 字號 | L2: 上期結存 | M2: 收入 | N2: 支出 | O2: 結存
A3: 藥品名稱 | B3: Lorazin 1mg | E3: 管制藥品成分及含量 | H3: Lorazepam 1mg | J3: =B3 -> Lorazin 1mg | L3: =H7 -> 4 | M3: =SUM(C$8:C$1048576) -> 0 | N3: =SUM(F:F) -> 0 | O3: =L3+M3-N3 -> 4
A4: 管制級別 | B4: 四 | E4: 製造廠名稱 | H4: 強生化學製藥廠股份有限公司
A5: 藥品許可證字號 | C5: 衛署藥製字第022816號 | H5: 最小單位 | I5: 粒
A6: 日 期 | B6: 收支原因 | C6: 收入數量 | D6: 收入藥品批號 | F6: 支出數量 | H6: 結存數量 | I6: 備 註
A7: 115/01/01 | B7: 上期結存 | C7: 4 | H7: 4 | I7: 維元社區藥局 (BPP112000001)

Sheet 86
A1: 【 醫療機構、藥局 】(第 三 級管制藥品)
A2: 藥代：RIT2 | B2: 管 制 藥 品 收 支 結 存 簿 冊 | J2: 名稱 | K2: 字號 | L2: 上期結存 | M2: 收入 | N2: 支出 | O2: 結存
A3: 藥品名稱 | B3: Ritalin LA 20mg | E3: 管制藥品成分及含量 | H3: Methylphenidate 20mg | J3: =B3 -> Ritalin LA 20mg | K3: 025333 | L3: =H7 -> 8 | M3: =SUM(C$8:C$1048576) -> 30 | N3: =SUM(F:F) -> 28 | O3: =L3+M3-N3 -> 10
A4: 管制級別 | B4: 三 | E4: 製造廠名稱 | H4: 台灣諾華股份有限公司
A5: 藥品許可證字號 | C5: 衛署藥輸字第025333號 | H5: 最小單位 | I5: 粒
A6: 日 期 | B6: 收支原因 | C6: 收入數量 | D6: 收入藥品批號 | F6: 支出數量 | H6: 結存數量 | I6: 備 註
A7: 115/01/01 | B7: 上期結存 | C7: 8 | H7: 8 | I7: 維元社區藥局 (BPP112000001)
A8: 115/03/17 | B8: 購買 | C8: 30 | D8: A0AW8E | H8: 38 | I8: 嘉鏵
A9: 115/03/18 | B9: 調劑 | F9: 28 | H9: =H8-F9 -> 10 | I9: 孫翊皓H127731566

Sheet 87
A1: 【 醫療機構、藥局 】(第 四 級管制藥品)
A2: 藥代：OPI | B2: 管 制 藥 品 收 支 結 存 簿 冊 | J2: 名稱 | K2: 字號 | L2: 上期結存 | M2: 收入 | N2: 支出 | O2: 結存
A3: 藥品名稱 | B3: Opicet 37.5mg | E3: 管制藥品成分及含量 | H3: Tramadol 37.5mg / Acetaminophen 325mg | J3: =B3 -> Opicet 37.5mg | K3: 058168 | L3: =H7 -> 0 | M3: =SUM(C:C) -> 0 | N3: =SUM(F:F) -> 0 | O3: =L3+M3-N3 -> 0
A4: 管制級別 | B4: 四 | E4: 製造廠名稱 | H4: 五洲製藥股份有限公司
A5: 藥品許可證字號 | C5: 衛部藥製字第058168號 | H5: 最小單位 | I5: 粒
A6: 日 期 | B6: 收支原因 | C6: 收入數量 | D6: 收入藥品批號 | F6: 支出數量 | H6: 結存數量 | I6: 備 註
A7: 115/01/01 | B7: 上期結存 | C7: 0 | H7: 0 | I7: 維元社區藥局 (BPP103000001)

Sheet 88
A1: 【 醫療機構、藥局 】(第 四 級管制藥品)
A2: 藥代：STA2 | B2: 管 制 藥 品 收 支 結 存 簿 冊 | J2: 名稱 | K2: 字號 | L2: 上期結存 | M2: 收入 | N2: 支出 | O2: 結存
A3: 藥品名稱 | B3: Stapam 0.5mg | E3: 管制藥品成分及含量 | H3: Lorazepam 0.5mg | J3: =B3 -> Stapam 0.5mg | K3: 022111 | L3: =H7 -> 0 | M3: =SUM(C:C) -> 0 | N3: =SUM(F:F) -> 0 | O3: =L3+M3-N3 -> 0
A4: 管制級別 | B4: 四 | E4: 製造廠名稱 | H4: 生達化學製藥股份有限公司二廠
A5: 藥品許可證字號 | C5: 衛署藥製字第022111號 | H5: 最小單位 | I5: 粒
A6: 日 期 | B6: 收支原因 | C6: 收入數量 | D6: 收入藥品批號 | F6: 支出數量 | H6: 結存數量 | I6: 備 註
A7: 115/01/01 | B7: 上期結存 | C7: 0 | H7: 0 | I7: 維元社區藥局 (BPP103000001)

Sheet 89
A1: 【 醫療機構、藥局 】(第 四 級管制藥品)
A2: 藥代：RIP | B2: 管 制 藥 品 收 支 結 存 簿 冊 | J2: 名稱 | K2: 字號 | L2: 上期結存 | M2: 收入 | N2: 支出 | O2: 結存
A3: 藥品名稱 | B3: Ripam 0.5mg | E3: 管制藥品成分及含量 | H3: Clonazepam 0.5mg | J3: =B3 -> Ripam 0.5mg | K3: 058017 | L3: =H7 -> 100 | M3: =SUM(C$8:C$1048576) -> 360 | N3: =SUM(F:F) -> 364 | O3: =L3+M3-N3 -> 96
A4: 管制級別 | B4: 四 | E4: 製造廠名稱 | H4: 中生生技製藥股份有限公司淡水廠
A5: 藥品許可證字號 | C5: 衛署藥製字第058017號 | H5: 最小單位 | I5: 粒
A6: 日 期 | B6: 收支原因 | C6: 收入數量 | D6: 收入藥品批號 | F6: 支出數量 | H6: 結存數量 | I6: 備 註
A7: 115/01/01 | B7: 上期結存 | C7: 100 | H7: 100 | I7: 維元社區藥局 (BPP112000001)
A8: 115/01/05 | B8: 調劑 | F8: 28 | H8: =H7-F8 -> 72
A9: 115/02/14 | B9: 調劑 | F9: 56 | H9: =H8-F9 -> 16
A10: 115/03/04 | B10: 購買 | C10: 360 | D10: S1436 | H10: 376 | I10: 嘉鏵CDP100000003
A11: 115/03/09 | B11: 調劑 | F11: 28 | H11: =H10-F11 -> 348
A12: 115/03/12 | B12: 調劑 | F12: 56 | H12: =H11-F12 -> 292 | I12: 嘉鏵
A13: 115/04/08 | B13: 調劑 | F13: 28 | H13: =H12-F13 -> 264
A14: 115/05/07 | B14: 調劑 | F14: 56 | H14: =H13-F14 -> 208
A15: 115/05/27 | B15: 調劑 | F15: 28 | H15: =H14-F15 -> 180
A16: 115/06/02 | B16: 調劑 | F16: 56 | H16: =H15-F16 -> 124 | I16: 江鎰QDA10600000101
A17: 115/06/25 | B17: 調劑 | F17: 28 | H17: =H16-F17 -> 96
I18: 江鎰QDA10600000101

Sheet 90
A1: 【 醫療機構、藥局 】(第 三 級管制藥品)
A2: 藥代：RIT4 | B2: 管 制 藥 品 收 支 結 存 簿 冊 | J2: 名稱 | K2: 字號 | L2: 上期結存 | M2: 收入 | N2: 支出 | O2: 結存
A3: 藥品名稱 | B3: Ritalin LA 40mg | E3: 管制藥品成分及含量 | H3: Methylphenidate 40mg | J3: =B3 -> Ritalin LA 40mg | K3: 025335 | L3: =H7 -> 0 | M3: =SUM(C:C) -> 0 | N3: =SUM(F:F) -> 0 | O3: =L3+M3-N3 -> 0
A4: 管制級別 | B4: 三 | E4: 製造廠名稱 | H4: 台灣諾華股份有限公司
A5: 藥品許可證字號 | C5: 衛署藥輸字第025335號 | H5: 最小單位 | I5: 粒
A6: 日 期 | B6: 收支原因 | C6: 收入數量 | D6: 收入藥品批號 | F6: 支出數量 | H6: 結存數量 | I6: 備 註
A7: 115/01/01 | B7: 上期結存 | C7: 0 | H7: 0 | I7: 維元社區藥局 (BPP103000001)

Sheet 91
A1: 【 醫療機構、藥局 】(第 三 級管制藥品)
A2: 藥代：FAL | B2: 管 制 藥 品 收 支 結 存 簿 冊 | J2: 名稱 | K2: 字號 | L2: 上期結存 | M2: 收入 | N2: 支出 | O2: 結存
A3: 藥品名稱 | B3: Fallep 2mg | E3: 管制藥品成分及含量 | H3: Flunitrazepam 2mg | J3: =B3 -> Fallep 2mg | K3: 048472 | L3: =H7 -> 6 | M3: =SUM(C$8:C$1048576) -> 0 | N3: =SUM(F:F) -> 0 | O3: =L3+M3-N3 -> 6
A4: 管制級別 | B4: 三 | E4: 製造廠名稱 | H4: 瑞士藥廠股份有限公司新市廠
A5: 藥品許可證字號 | C5: 衛署藥製字第048472號 | H5: 最小單位 | I5: 粒
A6: 日 期 | B6: 收支原因 | C6: 收入數量 | D6: 收入藥品批號 | F6: 支出數量 | H6: 結存數量 | I6: 備 註
A7: 115/01/01 | B7: 上期結存 | C7: 6 | H7: 6 | I7: 維元社區藥局 (BPP103000001)
I8: 嘉鏵

Sheet 92
A1: 【 醫療機構、藥局 】(第 四 級管制藥品)
A2: 藥代：UTR | B2: 管 制 藥 品 收 支 結 存 簿 冊 | J2: 名稱 | K2: 字號 | L2: 上期結存 | M2: 收入 | N2: 支出 | O2: 結存
A3: 藥品名稱 | B3: Utraphen 37.5mg | E3: 管制藥品成分及含量 | H3: Tramadol 37.5mg / Acetaminophen 325mg | J3: =B3 -> Utraphen 37.5mg | K3: 057777 | L3: =H7 -> 0 | M3: =SUM(C$8:C$1048576) -> 80 | N3: =SUM(F:F) -> 66 | O3: =L3+M3-N3 -> 14
A4: 管制級別 | B4: 四 | E4: 製造廠名稱 | H4: 生達化學製藥股份有限公司
A5: 藥品許可證字號 | C5: 衛署藥製字第057777號 | H5: 最小單位 | I5: 粒
A6: 日 期 | B6: 收支原因 | C6: 收入數量 | D6: 收入藥品批號 | F6: 支出數量 | H6: 結存數量 | I6: 備 註
A7: 115/01/01 | B7: 上期結存 | C7: 0 | H7: 0 | I7: 維元社區藥局 (BPP112000001)
A8: 115/02/04 | B8: 購買 | C8: 60 | D8: TU020527 | H8: 60 | I8: 嘉鏵CDP100000003
A9: 115/02/09 | B9: 調劑 | F9: 56 | H9: =H8-F9 -> 4
A10: 115/05/13 | B10: 購買 | C10: 20 | D10: TU020575 | H10: 24 | I10: 嘉鏵CDP100000003
A11: 115/07/06 | B11: 調劑 | F11: 10 | H11: =H10-F11 -> 14
I16: 嘉鏵CDP100000003
I21: 嘉鏵CDP100000003
I24: 江鎰QDA10600000101

Sheet 93
A1: 【 醫療機構、藥局 】(第 四 級管制藥品)
A2: 藥代：BRO6/BROMA3 | B2: 管 制 藥 品 收 支 結 存 簿 冊 | J2: 名稱 | K2: 字號 | L2: 上期結存 | M2: 收入 | N2: 支出 | O2: 結存
A3: 藥品名稱 | B3: Bromazin 3mg | E3: 管制藥品成分及含量 | H3: Bromazepam 3mg | J3: =B3 -> Bromazin 3mg | K3: 026080 | L3: =H7 -> 2 | M3: =SUM(C$8:C$1048576) -> 0 | N3: =SUM(F:F) -> 0 | O3: =L3+M3-N3 -> 2
A4: 管制級別 | B4: 四 | E4: 製造廠名稱 | H4: 強生化學製藥廠股份有限公司
A5: 藥品許可證字號 | C5: 衛署藥製字第026080號 | H5: 最小單位 | I5: 粒
A6: 日 期 | B6: 收支原因 | C6: 收入數量 | D6: 收入藥品批號 | F6: 支出數量 | H6: 結存數量 | I6: 備 註
A7: 115/01/01 | B7: 上期結存 | C7: 2 | H7: 2 | I7: 維元社區藥局 (BPP112000001)

Sheet 94
A1: 【 醫療機構、藥局 】(第 四 級管制藥品)
A2: 藥代：ANX8 | B2: 管 制 藥 品 收 支 結 存 簿 冊 | I2: 名稱 | J2: 字號 | K2: 上期結存 | L2: 收入 | M2: 支出 | N2: 結存
A3: 藥品名稱 | B3: Anxicam 2mg | E3: 管制藥品成分及含量 | G3: Lorazepam 2mg | I3: =B3 -> Anxicam 2mg | K3: =G7 -> 22 | L3: =SUM(C:C) -> 122 | M3: =SUM(F:F) -> 90 | N3: =L3-M3 -> 32
A4: 管制級別 | B4: 四 | E4: 製造廠名稱 | G4: 瑞士藥廠股份有限公司新市廠
A5: 藥品許可證字號 | C5: 衛部藥製字第058561號 | G5: 最小單位 | H5: 粒
A6: 日 期 | B6: 收支原因 | C6: 收入數量 | D6: 收入藥品批號 | F6: 支出數量 | G6: 結存數量 | H6: 備 註
A7: 115/01/01 | B7: 上期結存 | C7: 22 | G7: 22
A8: 115/02/06 | B8: 調劑 | F8: 30 | G8: =G7-F8 -> -8
A9: 115/02/06 | B9: 購買 | C9: 100 | D9: ANHA57 | G9: 92 | H9: 嘉鏵CDP100000003
A10: 115/03/30 | B10: 調劑 | F10: 30 | G10: =G9-F10 -> 62
A11: 115/05/15 | B11: 調劑 | F11: 30 | G11: =G10-F11 -> 32

Sheet 95
J1: 嘉鏵(CDP100000003) | K1: 調劑 | L1: 購買
A2: 藥代：ALPR/ALPR寶 | B2: 管 制 藥 品 收 支 結 存 簿 冊 | J2: 名稱 | K2: 字號 | L2: 上期結存 | M2: 收入 | N2: 支出 | O2: 結存
A3: 藥品名稱 | B3: Alpragin 2mg | E3: 管制藥品成分及含量 | H3: Alprazolam 2mg | J3: =B3 -> Alpragin 2mg | L3: =H7 -> 57 | M3: =SUM(C$8:C$1048576) -> 0 | N3: =SUM(F:F) -> 57 | O3: =L3+M3-N3 -> 0
A4: 管制級別 | B4: 四 | E4: 製造廠名稱 | H4: 寶齡富錦生技股份有限公司平鎮廠
A5: 藥品許可證字號 | C5: 衛署藥製字第047961號 | H5: 最小單位 | I5: 粒
A6: 日 期 | B6: 收支原因 | C6: 收入數量 | D6: 收入藥品批號 | F6: 支出數量 | H6: 結存數量 | I6: 備 註
A7: 115/01/01 | B7: 上期結存 | C7: 57 | H7: 57 | I7: 維元社區藥局 (BPP112000001)
A8: 115/01/05 | B8: 調劑 | F8: 28 | H8: =H7-F8 -> 29
A9: 115/01/19 | B9: 調劑 | F9: 29 | H9: =H8-F9 -> 0
I15: 嘉鏵
I19: 嘉鏵

Sheet 96
A1: 【 醫療機構、藥局 】(第 三 級管制藥品)
A2: 藥代：MOD3 | B2: 管 制 藥 品 收 支 結 存 簿 冊 | J2: 名稱 | K2: 字號 | L2: 上期結存 | M2: 收入 | N2: 支出 | O2: 結存
A3: 藥品名稱 | B3: Modipanol 1mg | E3: 管制藥品成分及含量 | H3: Flunitrazepam 1mg | J3: =B3 -> Modipanol 1mg | L3: =H7 -> 0 | M3: =SUM(C:C) -> 60 | N3: =SUM(F:F) -> 56 | O3: =L3+M3-N3 -> 4
A4: 管制級別 | B4: 三 | E4: 製造廠名稱 | H4: 瑞士藥廠股份有限公司新市廠
A5: 藥品許可證字號 | C5: 衛署藥製字第045779號 | H5: 最小單位 | I5: 粒
A6: 日 期 | B6: 收支原因 | C6: 收入數量 | D6: 收入藥品批號 | F6: 支出數量 | H6: 結存數量 | I6: 備 註
A7: 115/01/01 | B7: 上期結存 | C7: 0 | H7: 0 | I7: 維元社區藥局 (BPP103000001)
A8: 115/05/21 | B8: 購買 | C8: 60 | D8: MDFB90 | H8: 60 | I8: 嘉鏵CDP100000003
A9: 115/06/12 | B9: 調劑 | F9: 28 | H9: =H8-F9 -> 32 | I9: 游東森C121511467
A10: 115/07/12 | B10: 調劑 | F10: 28 | H10: =H9-F10 -> 4 | I10: 游東森C121511467

Sheet 97
A1: 【 醫療機構、藥局 】(第 三 級管制藥品)
A2: 藥代：METH | B2: 管 制 藥 品 收 支 結 存 簿 冊 | J2: 名稱 | K2: 字號 | L2: 上期結存 | M2: 收入 | N2: 支出 | O2: 結存
A3: 藥品名稱 | B3: Methydur S.R 22mg | E3: 管制藥品成分及含量 | H3: Methylphenidate 22mg | J3: =B3 -> Methydur S.R 22mg | K3: 60165 | L3: =H7 -> 6 | M3: =SUM(C$8:C$1048576) -> 0 | N3: =SUM(F:F) -> 0 | O3: =L3+M3-N3 -> 6
A4: 管制級別 | B4: 三 | E4: 製造廠名稱 | H4: 友霖生技醫藥股份有限公司
A5: 藥品許可證字號 | C5: 衛部藥製字第060165號 | H5: 最小單位 | I5: 粒
A6: 日 期 | B6: 收支原因 | C6: 收入數量 | D6: 收入藥品批號 | F6: 支出數量 | H6: 結存數量 | I6: 備 註
A7: 115/01/01 | B7: 上期結存 | C7: 6 | H7: 6 | I7: 維元社區藥局 (BPP103000001)

Sheet 98
A1: 【 醫療機構、藥局 】(第 四 級管制藥品)
A2: 藥代：NAR1 | B2: 管 制 藥 品 收 支 結 存 簿 冊 | J2: 名稱 | K2: 字號 | L2: 上期結存 | M2: 收入 | N2: 支出 | O2: 結存
A3: 藥品名稱 | B3: Nargin 5mg | E3: 管制藥品成分及含量 | H3: Nordazepam 5mg | J3: =B3 -> Nargin 5mg | L3: =H7 -> 0 | M3: =SUM(C:C) -> 0 | N3: =SUM(F:F) -> 0 | O3: =L3+M3-N3 -> 0
A4: 管制級別 | B4: 四 | E4: 製造廠名稱 | H4: 十全實業股份有限公司
A5: 藥品許可證字號 | C5: 衛署藥製字第055108號 | H5: 最小單位 | I5: 粒
A6: 日 期 | B6: 收支原因 | C6: 收入數量 | D6: 收入藥品批號 | F6: 支出數量 | H6: 結存數量 | I6: 備 註
A7: 115/01/01 | B7: 上期結存 | C7: 0 | H7: 0

Sheet 99
A1: 【 醫療機構、藥局 】(第 四 級管制藥品)
A2: 藥代：ESO1 | B2: 管 制 藥 品 收 支 結 存 簿 冊 | J2: 名稱 | K2: 字號 | L2: 上期結存 | M2: 收入 | N2: 支出 | O2: 結存
A3: 藥品名稱 | B3: Esomin 2mg | E3: 管制藥品成分及含量 | H3: Estazolam 2mg | J3: =B3 -> Esomin 2mg | L3: =H7 -> 4 | M3: =SUM(C$8:C$1048576) -> 0 | N3: =SUM(F:F) -> 0 | O3: =L3+M3-N3 -> 4
A4: 管制級別 | B4: 四 | E4: 製造廠名稱 | H4: 培力藥品工業股份有限公司
A5: 藥品許可證字號 | C5: 衛署藥製字第043499號 | H5: 最小單位 | I5: 粒
A6: 日 期 | B6: 收支原因 | C6: 收入數量 | D6: 收入藥品批號 | F6: 支出數量 | H6: 結存數量 | I6: 備 註
A7: 115/01/01 | B7: 上期結存 | C7: 4 | H7: 4 | I7: 維元社區藥局 (BPP112000001)

Sheet 100
A1: 【 醫療機構、藥局 】(第 四 級管制藥品)
A2: 藥代：SON2 | B2: 管 制 藥 品 收 支 結 存 簿 冊 | J2: 名稱 | K2: 字號 | L2: 上期結存 | M2: 收入 | N2: 支出 | O2: 結存
A3: 藥品名稱 | B3: Sonaplon 2mg | E3: 管制藥品成分及含量 | H3: zaleplon 2mg | J3: =B3 -> Sonaplon 2mg | K3: 049423 | L3: =H7 -> 0 | M3: =SUM(C:C) -> 0 | N3: =SUM(F:F) -> 0 | O3: =L3+M3-N3 -> 0
A4: 管制級別 | B4: 四 | E4: 製造廠名稱 | H4: 鼎泰
A5: 藥品許可證字號 | C5: 衛部藥製字第049423號 | H5: 最小單位 | I5: 粒
A6: 日 期 | B6: 收支原因 | C6: 收入數量 | D6: 收入藥品批號 | F6: 支出數量 | H6: 結存數量 | I6: 備 註
A7: 115/01/01 | B7: 上期結存 | C7: 0 | H7: 0 | I7: 維元社區藥局 (BPP103000001)

Sheet 101
A1: 【 醫療機構、藥局 】(第 四 級管制藥品)
A2: 藥代：U-C1 | B2: 管 制 藥 品 收 支 結 存 簿 冊 | J2: 名稱 | K2: 字號 | L2: 上期結存 | M2: 收入 | N2: 支出 | O2: 結存
A3: 藥品名稱 | B3: Zodem 10mg | E3: 管制藥品成分及含量 | H3: Zolpidem 10mg | J3: =B3 -> Zodem 10mg | L3: =H7 -> 4 | M3: =SUM(C$8:C$1048576) -> 0 | N3: =SUM(F:F) -> 0 | O3: =L3+M3-N3 -> 4
A4: 管制級別 | B4: 四 | E4: 製造廠名稱 | H4: 五洲製藥股份有限公司
A5: 藥品許可證字號 | C5: 衛署藥製字第045279號 | H5: 最小單位 | I5: 粒
A6: 日 期 | B6: 收支原因 | C6: 收入數量 | D6: 收入藥品批號 | F6: 支出數量 | H6: 結存數量 | I6: 備 註
A7: 115/01/01 | B7: 上期結存 | C7: 4 | H7: 4 | I7: 維元社區藥局 (BPP112000001)

Sheet 102
A1: 【 醫療機構、藥局 】(第 四 級管制藥品) | J1: 井田(HFP10100000301) | K1: 調劑
A2: 藥代：EPI21 | B2: 管 制 藥 品 收 支 結 存 簿 冊 | J2: 名稱 | K2: 字號 | L2: 上期結存 | M2: 收入 | N2: 支出 | O2: 結存
A3: 藥品名稱 | B3: WEISUFU | E3: 管制藥品成分及含量 | H3: Chlordiazepoxide 5mg 及其他複方 | J3: =B3 -> WEISUFU | K3: 033157 | L3: =H7 -> 3052 | M3: =SUM(C$8:C$1048576) -> 3000 | N3: =SUM(F:F) -> 1134 | O3: =L3+M3-N3 -> 4918
A4: 管制級別 | B4: 四 | E4: 製造廠名稱 | H4: 井田國際醫藥廠
A5: 藥品許可證字號 | C5: 衛署藥製字第033157號 | H5: 最小單位 | I5: 粒
A6: 日 期 | B6: 收支原因 | C6: 收入數量 | D6: 收入藥品批號 | F6: 支出數量 | H6: 結存數量 | I6: 備 註
A7: 115/01/01 | B7: 上期結存 | C7: 3052 | H7: =C7 -> 3052 | I7: 維元社區藥局 (BPP112000001)
A8: 115/01/05 | B8: 調劑 | F8: 9 | H8: =H7-F8 -> 3043
A9: 115/01/13 | B9: 調劑 | F9: 18 | H9: =H8-F9 -> 3025
A10: 115/01/14 | B10: 調劑 | F10: 9 | H10: =H9-F10 -> 3016
A11: 115/01/15 | B11: 調劑 | F11: 9 | H11: =H10-F11 -> 3007
A12: 115/01/17 | B12: 調劑 | F12: 18 | H12: =H11-F12 -> 2989
A13: 115/01/22 | B13: 調劑 | F13: 9 | H13: =H12-F13 -> 2980
A14: 115/01/25 | B14: 調劑 | F14: 9 | H14: =H13-F14 -> 2971
A15: 115/01/26 | B15: 調劑 | F15: 99 | H15: =H14-F15 -> 2872
A16: 115/02/01 | B16: 調劑 | F16: 9 | H16: =H15-F16 -> 2863
A17: 115/02/02 | B17: 調劑 | F17: 9 | H17: =H16-F17 -> 2854
A18: 115/02/03 | B18: 調劑 | F18: 9 | H18: =H17-F18 -> 2845
A19: 115/02/04 | B19: 調劑 | F19: 18 | H19: =H18-F19 -> 2827
... A67: 115/06/14 | B67: 調劑 | F67: 9 | H67: =H66-F67 -> 2062
A68: 115/06/17 | B68: 購買 | C68: 3000 | D68: 022P01 | H68: 5062 | I68: 井田
A69: 115/06/22 | B69: 調劑 | F69: 27 | H69: =H68-F69 -> 5035
A70: 115/06/25 | B70: 調劑 | F70: 9 | H70: =H69-F70 -> 5026
A71: 115/07/02 | B71: 調劑 | F71: 9 | H71: =H70-F71 -> 5017
A72: 115/07/04 | B72: 調劑 | F72: 9 | H72: =H71-F72 -> 5008
A73: 115/07/06 | B73: 調劑 | F73: 18 | H73: =H72-F73 -> 4990
A74: 115/07/08 | B74: 調劑 | F74: 18 | H74: =H73-F74 -> 4972
A75: 115/07/13 | B75: 調劑 | F75: 9 | H75: =H74-F75 -> 4963
A76: 115/07/16 | B76: 調劑 | F76: 9 | H76: =H75-F76 -> 4954
A77: 115/07/19 | B77: 調劑 | F77: 9 | H77: =H76-F77 -> 4945
A78: 115/07/20 | B78: 調劑 | F78: 18 | H78: =H77-F78 -> 4927
A79: 115/07/23 | B79: 調劑 | F79: 9 | H79: =H78-F79 -> 4918

Sheet 103
A1: 【 醫療機構、藥局 】(第 三 級管制藥品)
A2: 藥代：FLUI | B2: 管 制 藥 品 收 支 結 存 簿 冊 | J2: 名稱 | K2: 字號 | L2: 上期結存 | M2: 收入 | N2: 支出 | O2: 結存
A3: 藥品名稱 | B3: FLUZEPAM 2MG復爾靜 | E3: 管制藥品成分及含量 | H3: FLUNITRAZEPAM 2MG | J3: =B3 -> FLUZEPAM 2MG復爾靜 | L3: =H7 -> 52 | M3: =SUM(C$8:C$1048576) -> 90 | N3: =SUM(F:F) -> 140 | O3: =L3+M3-N3 -> 2
A4: 管制級別 | B4: 三 | E4: 製造廠名稱 | H4: 政德製藥股份有限公司
A5: 藥品許可證字號 | C5: 衛署藥製字第040148號 | H5: 最小單位 | I5: 粒
A6: 日 期 | B6: 收支原因 | C6: 收入數量 | D6: 收入藥品批號 | F6: 支出數量 | H6: 結存數量 | I6: 備 註
A7: 115/01/01 | B7: 上期結存 | C7: 52 | H7: 52 | I7: 維元社區藥局 (BPP112000001)
A8: 115/01/09 | B8: 調劑 | F8: 28 | H8: =H7-F8 -> 24 | I8: 嘉鏵
A9: 115/01/16 | B9: 購買 | C9: 10 | D9: TF5172 | H9: 34 | I9: 嘉鏵
A10: 115/02/05 | B10: 調劑 | F10: 28 | H10: =H9-F10 -> 6 | I10: 吳亭潔
A11: 115/02/25 | B11: 購買 | C11: 50 | D11: TK5032 | H11: 56 | I11: 嘉鏵
A12: 115/03/18 | B12: 調劑 | F12: 28 | H12: =H11-F12 -> 28 | I12: 吳亭潔A228272196
A13: 115/04/15 | B13: 調劑 | F13: 28 | H13: =H12-F13 -> 0
A14: 115/07/20 | B14: 調劑 | F14: 28 | H14: =H13-F14 -> -28 | I14: 吳亭潔A228272196
A15: 115/07/20 | B15: 購買 | C15: 30 | D15: TB6242 | H15: 2 | I15: 吳亭潔 | J15: 嘉鏵

Sheet 104
A1: 【 醫療機構、藥局 】(第 三 級管制藥品)
A2: 藥代：METJ | B2: 管 制 藥 品 收 支 結 存 簿 冊 | J2: 名稱 | K2: 字號 | L2: 上期結存 | M2: 收入 | N2: 支出 | O2: 結存
A3: 藥品名稱 | B3: 思有得持續性 | E3: 管制藥品成分及含量 | H3: METHYLPENIDATE HCL 33MG | J3: =B3 -> 思有得持續性 | K3: 060152 | L3: =H7 -> 4 | M3: =SUM(C$8:C$1048576) -> 112 | N3: =SUM(F:F) -> 112 | O3: =L3+M3-N3 -> 4
A4: 管制級別 | B4: 三 | E4: 製造廠名稱 | H4: 友霖生技醫藥股份有限
A5: 藥品許可證字號 | C5: 衛署藥製字第060152號 | H5: 最小單位 | I5: 粒
A6: 日 期 | B6: 收支原因 | C6: 收入數量 | D6: 收入藥品批號 | F6: 支出數量 | H6: 結存數量 | I6: 備 註
A7: 115/01/01 | B7: 上期結存 | C7: 4 | H7: 4 | I7: 維元社區藥局 (BPP112000001)
A8: 115/01/08 | B8: 購買 | C8: 28 | D8: M072049 | H8: 32 | I8: 嘉鏵CDP100000003
A9: 115/02/03 | B9: 調劑 | F9: 28 | H9: =H8-F9 -> 4 | I9: 陳顗丞F134655819
A10: 115/04/19 | B10: 購買 | C10: 56 | D10: M072051 | H10: 60 | I10: 嘉鏵CDP100000003
A11: 115/04/21 | B11: 調劑 | F11: 28 | H11: =H10-F11 -> 32 | I11: 陳顗丞F134655819
A12: 115/04/22 | B12: 購買 | C12: 28 | D12: M072051 | H12: 60 | I12: 嘉鏵CDP100000003
A13: 115/05/21 | B13: 調劑 | F13: 28 | H13: =H12-F13 -> 32 | I13: 陳顗丞F134655819
A14: 115/06/11 | B14: 調劑 | F14: 28 | H14: =H13-F14 -> 4 | I14: 陳顗丞F134655819

Sheet 105
A1: 【 醫療機構、藥局 】(第 級管制藥品)
A2: 藥代：WON | B2: 管 制 藥 品 收 支 結 存 簿 冊 | J2: 名稱 | K2: 字號 | L2: 上期結存 | M2: 收入 | N2: 支出 | O2: 結存
A3: 藥品名稱 | B3: Wontran ER 保寧緩視錠 | E3: 管制藥品成分及含量 | H3: Tramadol HCL 75mg | J3: =B3 -> Wontran ER 保寧緩視錠 | L3: =H7 -> 4 | M3: =SUM(C$8:C$1048576) -> 0 | N3: =SUM(F:F) -> 0 | O3: =L3+M3-N3 -> 4
A4: 管制級別 | B4: 四 | E4: 製造廠名稱 | H4: 韋淳貿易股份有限公司
A5: 藥品許可證字號 | C5: 衛署藥製字第號 | H5: 最小單位 | I5: 粒
A6: 日 期 | B6: 收支原因 | C6: 收入數量 | D6: 收入藥品批號 | F6: 支出數量 | H6: 結存數量 | I6: 備 註
A7: 115/01/01 | B7: 上期結存 | C7: 4 | H7: 4 | I7: 維元社區藥局 (BPP112000001)

Sheet 106
A1: 【 醫療機構、藥局 】(第 級管制藥品)
A2: 藥代：DGEP3 | B2: 管 制 藥 品 收 支 結 存 簿 冊 | J2: 名稱 | K2: 字號 | L2: 上期結存 | M2: 收入 | N2: 支出 | O2: 結存
A3: 藥品名稱 | B3: "井田"醫嗽寧錠 | E3: 管制藥品成分及含量 | J3: =B3 -> "井田"醫嗽寧錠 | K3: 019360 | L3: =H7 -> 687 | M3: =SUM(C$8:C$1048576) -> 0 | N3: =SUM(F:F) -> 385.5 | O3: =L3+M3-N3 -> 301.5
A4: 管制級別 | B4: 四 | E4: 製造廠名稱
A5: 藥品許可證字號 | C5: 衛署藥製字第019360號 | H5: 最小單位 | I5: 粒
A6: 日 期 | B6: 收支原因 | C6: 收入數量 | D6: 收入藥品批號 | F6: 支出數量 | H6: 結存數量 | I6: 備 註
A7: 115/01/01 | B7: 上期結存 | C7: 687 | H7: 687 | I7: 維元社區藥局 (BPP112000001)
A8: 115/01/02 | B8: 調劑 | F8: 9 | H8: =H7-F8 -> 678
A9: 115/01/25 | B9: 調劑 | F9: 9 | H9: =H8-F9 -> 669
A10: 115/01/28 | B10: 調劑 | F10: 9 | H10: =H9-F10 -> 660
A11: 115/02/01 | B11: 調劑 | F11: 9 | H11: =H10-F11 -> 651
A12: 115/02/09 | B12: 調劑 | F12: 4.5 | H12: =H11-F12 -> 646.5
A13: 115/02/10 | B13: 調劑 | F13: 3 | H13: =H12-F13 -> 643.5
A14: 115/02/12 | B14: 調劑 | F14: 3 | H14: =H13-F14 -> 640.5
A15: 115/02/13 | B15: 調劑 | F15: 9 | H15: =H14-F15 -> 631.5
A16: 115/02/15 | B16: 調劑 | F16: 12 | H16: =H15-F16 -> 619.5
A17: 115/02/21 | B17: 調劑 | F17: 12 | H17: =H16-F17 -> 607.5
A18: 115/02/22 | B18: 調劑 | F18: 9 | H18: =H17-F18 -> 598.5
A19: 115/02/23 | B19: 調劑 | F19: 9 | H19: =H18-F19 -> 589.5
... A51: 115/06/27 | B51: 調劑 | F51: 9 | H51: =H50-F51 -> 301.5

Sheet 107
A1: 【 醫療機構、藥局 】(第 級管制藥品)
A2: 藥代：LEY | B2: 管 制 藥 品 收 支 結 存 簿 冊 | J2: 名稱 | K2: 字號 | L2: 上期結存 | M2: 收入 | N2: 支出 | O2: 結存
A3: 藥品名稱 | B3: LEYOUMIAN 10mg | E3: 管制藥品成分及含量 | H3: ZOLPIDEM TARTRATE 10mg | J3: =B3 -> LEYOUMIAN 10mg | L3: 0 | M3: =SUM(C:C) -> 64 | N3: =SUM(F:F) -> 0 | O3: =L3+M3-N3 -> 64
A4: 管制級別 | B4: 四 | E4: 製造廠名稱 | H4: 國嘉
A5: 藥品許可證字號 | C5: 衛署藥製字第A058535號 | H5: 最小單位 | I5: 粒
A6: 日 期 | B6: 收支原因 | C6: 收入數量 | D6: 收入藥品批號 | F6: 支出數量 | H6: 結存數量 | I6: 備 註
A7: 115/01/01 | B7: 上期結存 | C7: 64 | H7: 64 | I7: 嘉鏵
I9: 嘉鏵

Sheet 108
A1: 【 醫療機構、藥局 】(第 級管制藥品)
A2: 藥代：RIT4 | B2: 管 制 藥 品 收 支 結 存 簿 冊 | J2: 名稱 | K2: 字號 | L2: 上期結存 | M2: 收入 | N2: 支出 | O2: 結存
A3: 藥品名稱 | B3: Ritalin LA 10mg | E3: 管制藥品成分及含量 | H3: methylphenidate hydrochloride 10mg | J3: =B3 -> Ritalin LA 10mg | L3: 0 | M3: =SUM(C:C) -> 4 | N3: =SUM(F:F) -> 0 | O3: =L3+M3-N3 -> 4
A4: 管制級別 | B4: 三 | E4: 製造廠名稱 | H4: 諾華
A5: 藥品許可證字號 | C5: 衛署藥輸字第A025332號 | H5: 最小單位 | I5: 粒
A6: 日 期 | B6: 收支原因 | C6: 收入數量 | D6: 收入藥品批號 | F6: 支出數量 | H6: 結存數量 | I6: 備 註
A7: 115/01/01 | B7: 上期結存 | C7: 4 | H7: 4
I9: 兆宇CDA112000002
I10: 吳席崶

Sheet 空白模板
A1: 【 醫療機構、藥局 】(第 級管制藥品)
A2: 藥代： | B2: 管 制 藥 品 收 支 結 存 簿 冊 | J2: 名稱 | K2: 字號 | L2: 上期結存 | M2: 收入 | N2: 支出 | O2: 結存
A3: 藥品名稱 | E3: 管制藥品成分及含量 | J3: =B3 -> 0 | L3: 0 | M3: =SUM(C:C) -> 0 | N3: =SUM(F:F) -> 0 | O3: =L3+M3-N3 -> 0
A4: 管制級別 | E4: 製造廠名稱
A5: 藥品許可證字號 | C5: 衛署藥製字第號 | H5: 最小單位 | I5: 粒
A6: 日 期 | B6: 收支原因 | C6: 收入數量 | D6: 收入藥品批號 | F6: 支出數量 | H6: 結存數量 | I6: 備 註
A7: 115/01/01 | B7: 上期結存 | C7: 0 | H7: 0
